Index,User name,Start Time,Stop Time,Status,Label,Comment,Evaluate,Sample Type,Reference,Cycle Number,d 13C/12C  Mean,d 18O/16O  Mean,d 13C/12C  Std Dev,d 18O/16O  Std Dev,Sample Intensity 44.00 m/z,Standard Intensity 44.00 m/z,mass_ug µg,Pressure Adjust Target Intensity,Pressure Adjust Result Intensity,Pressure Adjust failed with Target Intensity,Kiel IV CO2 Sample Pressure,Linearity Correction Result,d13C,d18O,Excel File,Date,Date_ordinal,total_co2,1  Cycle Int  Samp  44,Raw Identifier 1,Raw Label,Raw Comment,Identifier 1,Identifier 2,Species,leak_rate,p_no_acid,p_gases,Line,Collector Status,Cycles Total,d13C Cycles Used,d18O Cycles Used,d13C Cycles Excluded,d18O Cycles Excluded,1  Cycle Int  Ref  44,1  Cycle Int  Diff Samp-Ref  44,1  Cycle Int  Samp  45,1  Cycle Int  Ref  45,1  Cycle Int  Samp  46,1  Cycle Int  Ref  46,1  Cycle Int  Diff Samp-Ref  45,1  Cycle Int  Diff Samp-Ref  46,1  Cycle Int  Pressure-Weighted Mismatch Samp-Ref  44,1  Cycle Int  Relative Mismatch Samp-Ref/Ref  44,1  Cycle Int  Symmetric Relative Mismatch Samp-Ref  44,1  Cycle Int  Mean Samp-Ref  44,Valid Cycles,Metrology consultation,IRMS cycle summary: d 13C/12C  Mean,IRMS cycle summary: d 18O/16O  Mean,IRMS cycle summary: d 13C/12C  Std Dev,IRMS cycle summary: d 18O/16O  Std Dev,IRMS cycle summary: 1  Cycle Int  Samp  44
1.0,DEMO scientist,2026-04-05 06:00:00,2026-04-05 06:11:00,Completed,NBS19,MASS=60.0 ug; REP=1; MOCK_METROLOGY,True,Unknown,NBS19,Pre,2.0384225477844664,-2.4004624203592226,0.012,0.024,3.5997257188355265,3.610524895992033,60.0,3.602505309385159,3.603276872260321,False,2.16,Qtegra instrumental linearity enabled; residual application correction is separate,2.0293444930503908,-2.3796952465651247,7d5b31220f9b__qualification-2026-04-05.xlsx,2026-04-05 06:00:00,739711.0,2.16,3.602505309385159,,NBS19,MASS=60.0 ug; REP=1; MOCK_METROLOGY,NBS19,MASS=60.0 ug; REP=1; MOCK_METROLOGY,,,,,,OK,8.0,7.0,7.0,0.0,0.0,3.614129376585446,-0.0108099582549909,,,,,,,-0.0179754219732685,-0.0029910269192421,-0.00299550673989,3.608724397457951,7.0,True,2.0397194127464777,-2.403429159472665,0.0123410960557081,0.0242868747331939,3.603319418330455
2.0,DEMO scientist,2026-04-05 06:12:00,2026-04-05 06:23:00,Completed,SHP2L,MASS=60.0 ug; REP=2; MOCK_METROLOGY,True,QC Standard,SHP2L,Pre,-0.6615104662292317,-5.92035077704872,0.012,0.024,3.6102732532574056,3.6211040730171775,60.0,3.6099481967520366,3.610414373199899,False,2.16,Qtegra instrumental linearity enabled; residual application correction is separate,-0.6522714986263974,-5.94397205042861,7d5b31220f9b__qualification-2026-04-05.xlsx,2026-04-05 06:12:00,739711.0,2.16,3.609948196752037,,SHP2L,MASS=60.0 ug; REP=2; MOCK_METROLOGY,SHP2L,MASS=60.0 ug; REP=2; MOCK_METROLOGY,,,,,,OK,8.0,7.0,7.0,0.0,0.0,3.612559153368335,-0.0108052616750793,,,,,,,-0.0179676122293498,-0.0029910269192421,-0.00299550673989,3.607156522530795,7.0,True,-0.6628303187439223,-5.9169763094230206,0.012318329181955,0.0237848909380662,3.601753891693255
3.0,DEMO scientist,2026-04-05 06:24:00,2026-04-05 06:35:00,Completed,NBS18,MASS=60.0 ug; REP=3; MOCK_METROLOGY,True,Unknown,NBS19,Pre,-4.925553494418925,-23.21042249069821,0.012,0.024,3.5989696401311053,3.609766549051498,60.0,3.605167286786128,3.605596466110257,False,2.16,Qtegra instrumental linearity enabled; residual application correction is separate,-4.933046381805682,-23.23193829444953,7d5b31220f9b__qualification-2026-04-05.xlsx,2026-04-05 06:24:00,739711.0,2.16,3.6051672867861275,,NBS18,MASS=60.0 ug; REP=3; MOCK_METROLOGY,NBS18,MASS=60.0 ug; REP=3; MOCK_METROLOGY,,,,,,OK,8.0,7.0,7.0,0.0,0.0,3.616464762538938,-0.0108169434572444,,,,,,,-0.0179870373703971,-0.0029910269192421,-0.00299550673989,3.611056290810316,7.0,True,-4.924483081935103,-23.207348804448024,0.0125421699239718,0.0241624273021244,3.605647819081693
4.0,DEMO scientist,2026-04-05 06:36:00,2026-04-05 06:47:00,Completed,NBS19,MASS=100.0 ug; REP=4; MOCK_METROLOGY,True,Unknown,NBS19,Pre,2.0600738848570423,-2.364376858571596,0.012,0.024,6.003892389205747,6.021904066373364,100.0,6.00820942856027,6.003938697661869,False,3.6,Qtegra instrumental linearity enabled; residual application correction is separate,2.058974403926323,-2.3923100989211363,7d5b31220f9b__qualification-2026-04-05.xlsx,2026-04-05 06:36:00,739711.0,3.6,6.00820942856027,,NBS19,MASS=100.0 ug; REP=4; MOCK_METROLOGY,NBS19,MASS=100.0 ug; REP=4; MOCK_METROLOGY,,,,,,OK,8.0,7.0,7.0,0.0,0.0,6.027304677871781,-0.0180278305419889,,,,,,,-0.0299777162511439,-0.0029910269192422,-0.00299550673989,6.018290762600786,7.0,True,2.060230953561431,-2.360386395664519,0.0129525959279577,0.0228774544187266,6.009276847329792
5.0,DEMO scientist,2026-04-05 06:48:00,2026-04-05 06:59:00,Completed,SHP2L,MASS=100.0 ug; REP=5; MOCK_METROLOGY,True,QC Standard,SHP2L,Pre,-0.6400059610706856,-5.884509935117809,0.012,0.024,6.008217630421336,6.026242283312599,100.0,5.999337658812709,5.997964972305609,False,3.6,Qtegra instrumental linearity enabled; residual application correction is separate,-0.6597166971989943,-5.834177221394567,7d5b31220f9b__qualification-2026-04-05.xlsx,2026-04-05 06:48:00,739711.0,3.6,5.999337658812709,,SHP2L,MASS=100.0 ug; REP=5; MOCK_METROLOGY,SHP2L,MASS=100.0 ug; REP=5; MOCK_METROLOGY,,,,,,OK,8.0,7.0,7.0,0.0,0.0,6.013743805884833,-0.0179872696088274,,,,,,,-0.0299102691924218,-0.0029910269192421,-0.00299550673989,6.00475017108042,7.0,True,-0.6371901416237844,-5.891700322792557,0.009695230848011,0.0137641212630386,5.995756536276006
6.0,DEMO scientist,2026-04-05 07:00:00,2026-04-05 07:11:00,Completed,NBS18,MASS=100.0 ug; REP=6; MOCK_METROLOGY,True,Unknown,NBS19,Pre,-4.904038258070175,-23.174563763450294,0.012,0.024,5.999558388701578,6.017557063867682,100.0,5.995749103313947,5.994044413971939,False,3.6,Qtegra instrumental linearity enabled; residual application correction is separate,-4.90857110102829,-23.156489020386115,7d5b31220f9b__qualification-2026-04-05.xlsx,2026-04-05 07:00:00,739711.0,3.6,5.995749103313947,,NBS18,MASS=100.0 ug; REP=6; MOCK_METROLOGY,NBS18,MASS=100.0 ug; REP=6; MOCK_METROLOGY,,,,,,OK,8.0,7.0,7.0,0.0,0.0,6.013274476698939,-0.0179858658325979,,,,,,,-0.0299079349123546,-0.0029910269192421,-0.0029955067398899,6.00428154378264,7.0,True,-4.903390709076159,-23.17714586960232,0.0128096194115952,0.0246935644716785,5.995288610866341
7.0,DEMO scientist,2026-04-05 07:12:00,2026-04-05 07:23:00,Completed,NBS19,MASS=140.0 ug; REP=7; MOCK_METROLOGY,True,Unknown,NBS19,Pre,2.0817532963643726,-2.3282445060593795,0.012,0.024,8.422076310855715,8.44734253978828,140.0,8.41703292937472,8.416174626621128,False,5.04,Qtegra instrumental linearity enabled; residual application correction is separate,2.084668179830474,-2.3130825641636963,7d5b31220f9b__qualification-2026-04-05.xlsx,2026-04-05 07:12:00,739711.0,5.04,8.41703292937472,,NBS19,MASS=140.0 ug; REP=7; MOCK_METROLOGY,NBS19,MASS=140.0 ug; REP=7; MOCK_METROLOGY,,,,,,OK,8.0,7.0,7.0,0.0,0.0,8.446382785130039,-0.0252633582805472,,,,,,,-0.0420093690320253,-0.0029910269192421,-0.00299550673989,8.433751105989765,7.0,True,2.081336884440644,-2.3304104977587627,0.0128988995793407,0.0250641672434951,8.421119426849492
8.0,DEMO scientist,2026-04-05 07:24:00,2026-04-05 07:35:00,Completed,SHP2L,MASS=140.0 ug; REP=8; MOCK_METROLOGY,True,QC Standard,SHP2L,Pre,-0.6183449967205218,-5.848408327867536,0.012,0.024,8.402417400929936,8.427624653132725,140.0,8.40611147549758,8.408075050872052,False,5.04,Qtegra instrumental linearity enabled; residual application correction is separate,-0.5996628077503662,-5.821071001650933,7d5b31220f9b__qualification-2026-04-05.xlsx,2026-04-05 07:24:00,739711.0,5.04,8.406111475497578,,SHP2L,MASS=140.0 ug; REP=8; MOCK_METROLOGY,SHP2L,MASS=140.0 ug; REP=8; MOCK_METROLOGY,,,,,,OK,8.0,7.0,7.0,0.0,0.0,8.427131432086602,-0.0252057769653628,,,,,,,-0.041913619500547,-0.0029910269192421,-0.00299550673989,8.414528543603922,7.0,True,-0.6210138808591154,-5.852313660184193,0.0100756738192104,0.0230141595972359,8.40192565512124
9.0,DEMO scientist,2026-04-05 07:36:00,2026-04-05 07:47:00,Completed,NBS18,MASS=140.0 ug; REP=9; MOCK_METROLOGY,True,Unknown,NBS19,Pre,-4.882509799670052,-23.13868299945009,0.012,0.024,8.390898636595457,8.416071332505243,140.0,8.387800036660973,8.390404451224613,False,5.04,Qtegra instrumental linearity enabled; residual application correction is separate,-4.877911016657161,-23.180120960847358,7d5b31220f9b__qualification-2026-04-05.xlsx,2026-04-05 07:36:00,739711.0,5.04,8.387800036660973,,NBS18,MASS=140.0 ug; REP=9; MOCK_METROLOGY,NBS18,MASS=140.0 ug; REP=9; MOCK_METROLOGY,,,,,,OK,8.0,7.0,7.0,0.0,0.0,8.416338241658638,-0.0251734942422476,,,,,,,-0.0418599379268764,-0.002991026919242,-0.0029955067398899,8.403751494537513,7.0,True,-4.883166768671893,-23.132763290679048,0.0128051417857223,0.0185723571098803,8.39116474741639
10.0,DEMO scientist,2026-04-05 07:48:00,2026-04-05 07:59:00,Completed,NBS18,MASS=60.0 ug; REP=10; MOCK_METROLOGY,True,Unknown,NBS19,Pre,-4.909732850638751,-23.187521417731254,0.012,0.024,3.593696265046677,3.604477353841817,60.0,3.5852388179165176,3.587895046019507,False,2.16,Qtegra instrumental linearity enabled; residual application correction is separate,-4.915712865588575,-23.160196471583603,7d5b31220f9b__qualification-2026-04-05.xlsx,2026-04-05 07:48:00,739711.0,2.16,3.5852388179165176,,NBS18,MASS=60.0 ug; REP=10; MOCK_METROLOGY,NBS18,MASS=60.0 ug; REP=10; MOCK_METROLOGY,,,,,,OK,8.0,7.0,7.0,0.0,0.0,3.6011693907325184,-0.0107711945884316,,,,,,,-0.017910963513097,-0.0029910269192421,-0.00299550673989,3.5957837934383026,7.0,True,-4.908878562788777,-23.19142498146664,0.0126960017793372,0.0230169598672186,3.5903981961440867
11.0,DEMO scientist,2026-04-05 08:00:00,2026-04-05 08:11:00,Completed,SHP2L,MASS=60.0 ug; REP=11; MOCK_METROLOGY,True,QC Standard,SHP2L,Pre,-0.6456092404327209,-5.897315400721201,0.012,0.024,3.612454734097738,3.623292098300032,60.0,3.598973285253233,3.598247035667009,False,2.16,Qtegra instrumental linearity enabled; residual application correction is separate,-0.6478542973746185,-5.921004381347141,7d5b31220f9b__qualification-2026-04-05.xlsx,2026-04-05 08:00:00,739711.0,2.16,3.5989732852532335,,SHP2L,MASS=60.0 ug; REP=11; MOCK_METROLOGY,SHP2L,MASS=60.0 ug; REP=11; MOCK_METROLOGY,,,,,,OK,8.0,7.0,7.0,0.0,0.0,3.604915330424502,-0.0107823987948885,,,,,,,-0.0179295945137158,-0.0029910269192421,-0.00299550673989,3.599524131027058,7.0,True,-0.6452885180124498,-5.893931260631781,0.0129243934688865,0.0237720612200194,3.5941329316296136
12.0,DEMO scientist,2026-04-05 08:12:00,2026-04-05 08:23:00,Completed,NBS19,MASS=60.0 ug; REP=12; MOCK_METROLOGY,True,Unknown,NBS19,Pre,2.0543544838085697,-2.3773758603190505,0.012,0.024,3.586947165294114,3.597708006789996,60.0,3.594942645396641,3.595179241687961,False,2.16,Qtegra instrumental linearity enabled; residual application correction is separate,2.065783106123506,-2.3635548794134262,7d5b31220f9b__qualification-2026-04-05.xlsx,2026-04-05 08:12:00,739711.0,2.16,3.5949426453966415,,NBS19,MASS=60.0 ug; REP=12; MOCK_METROLOGY,NBS19,MASS=60.0 ug; REP=12; MOCK_METROLOGY,,,,,,OK,8.0,7.0,7.0,0.0,0.0,3.5914532788004947,-0.0107421334360928,,,,,,,-0.0178626389530944,-0.0029910269192421,-0.00299550673989,3.5860822120824483,7.0,True,2.0527218234778646,-2.3793502861627114,0.011963329620792,0.0252114127097285,3.580711145364402
13.0,DEMO scientist,2026-04-05 08:24:00,2026-04-05 08:35:00,Completed,NBS18,MASS=100.0 ug; REP=13; MOCK_METROLOGY,True,Unknown,NBS19,Pre,-4.887931035645582,-23.151185059409304,0.012,0.024,6.008788335182629,6.026814700188177,100.0,6.007662706046465,6.0073273025794,False,3.6,Qtegra instrumental linearity enabled; residual application correction is separate,-4.889579463676088,-23.156283889582827,7d5b31220f9b__qualification-2026-04-05.xlsx,2026-04-05 08:24:00,739711.0,3.6,6.007662706046465,,NBS18,MASS=100.0 ug; REP=13; MOCK_METROLOGY,NBS18,MASS=100.0 ug; REP=13; MOCK_METROLOGY,,,,,,OK,8.0,7.0,7.0,0.0,0.0,6.026536115528373,-0.0180255317513307,,,,,,,-0.029973893689471,-0.0029910269192422,-0.00299550673989,6.017523349652707,7.0,True,-4.887695545926938,-23.150456655098804,0.0129414997660957,0.0258272721523348,6.008510583777042
14.0,DEMO scientist,2026-04-05 08:36:00,2026-04-05 08:47:00,Completed,SHP2L,MASS=100.0 ug; REP=14; MOCK_METROLOGY,True,QC Standard,SHP2L,Pre,-0.6241230381014146,-5.861505063502357,0.012,0.024,5.987674365348363,6.005637388444407,100.0,5.986329099842825,5.9844427788945405,False,3.6,Qtegra instrumental linearity enabled; residual application correction is separate,-0.6290552296498758,-5.832108737443573,7d5b31220f9b__qualification-2026-04-05.xlsx,2026-04-05 08:36:00,739711.0,3.6,5.986329099842825,,SHP2L,MASS=100.0 ug; REP=14; MOCK_METROLOGY,SHP2L,MASS=100.0 ug; REP=14; MOCK_METROLOGY,,,,,,OK,8.0,7.0,7.0,0.0,0.0,6.0093872626091525,-0.0179742390706145,,,,,,,-0.0298886012620385,-0.0029910269192421,-0.0029955067398899,6.000400143073845,7.0,True,-0.6234184393087772,-5.865704538653612,0.0127814857660027,0.0225255664872296,5.991413023538538
15.0,DEMO scientist,2026-04-05 08:48:00,2026-04-05 08:59:00,Completed,NBS19,MASS=100.0 ug; REP=15; MOCK_METROLOGY,True,Unknown,NBS19,Pre,2.0761131850665193,-2.3411113582224683,0.012,0.024,6.007603791684474,6.025626603059527,100.0,6.012576118502127,6.013164043951372,False,3.6,Qtegra instrumental linearity enabled; residual application correction is separate,2.072258803236278,-2.3586845356318737,7d5b31220f9b__qualification-2026-04-05.xlsx,2026-04-05 08:48:00,739711.0,3.6,6.012576118502128,,NBS19,MASS=100.0 ug; REP=15; MOCK_METROLOGY,NBS19,MASS=100.0 ug; REP=15; MOCK_METROLOGY,,,,,,OK,8.0,7.0,7.0,0.0,0.0,6.040251945428439,-0.0180665561677813,,,,,,,-0.0300421114549343,-0.0029910269192421,-0.00299550673989,6.0312186673445485,7.0,True,2.0766638110422684,-2.338600904306839,0.0128518573103302,0.0247624271282793,6.022185389260658
16.0,DEMO scientist,2026-04-05 09:00:00,2026-04-05 09:11:00,Completed,NBS18,MASS=140.0 ug; REP=16; MOCK_METROLOGY,True,Unknown,NBS19,Pre,-4.866560517970774,-23.115567529951292,0.012,0.024,8.384635812619171,8.409789720057027,140.0,8.382164669914008,8.381730850394392,False,5.04,Qtegra instrumental linearity enabled; residual application correction is separate,-4.878853826365458,-23.07599897943475,7d5b31220f9b__qualification-2026-04-05.xlsx,2026-04-05 09:00:00,739711.0,5.04,8.382164669914008,,NBS18,MASS=140.0 ug; REP=16; MOCK_METROLOGY,NBS18,MASS=140.0 ug; REP=16; MOCK_METROLOGY,,,,,,OK,8.0,7.0,7.0,0.0,0.0,8.41572089907195,-0.0251716477539538,,,,,,,-0.0418568674796585,-0.0029910269192422,-0.0029955067398901,8.403135075194973,7.0,True,-4.864804331057248,-23.121220180025084,0.0117989068800635,0.0193333159771024,8.390549251317996
17.0,DEMO scientist,2026-04-05 09:12:00,2026-04-05 09:23:00,Completed,SHP2L,MASS=140.0 ug; REP=17; MOCK_METROLOGY,True,QC Standard,SHP2L,Pre,-0.6025797927080507,-5.825599654513417,0.012,0.024,8.38032837574694,8.40546936087418,140.0,8.380023032438812,8.380557001141314,False,5.04,Qtegra instrumental linearity enabled; residual application correction is separate,-0.6177862122587108,-5.778541362000607,7d5b31220f9b__qualification-2026-04-05.xlsx,2026-04-05 09:12:00,739711.0,5.04,8.380023032438814,,SHP2L,MASS=140.0 ug; REP=17; MOCK_METROLOGY,SHP2L,MASS=140.0 ug; REP=17; MOCK_METROLOGY,,,,,,OK,8.0,7.0,7.0,0.0,0.0,8.408032701169295,-0.0251486521470649,,,,,,,-0.0418186290584168,-0.002991026919242,-0.0029955067398899,8.395458375095764,7.0,True,-0.6004074470579565,-5.832322267729532,0.0111335170026135,0.0158175135351312,8.38288404902223
18.0,DEMO scientist,2026-04-05 09:24:00,2026-04-05 09:35:00,Completed,NBS19,MASS=140.0 ug; REP=18; MOCK_METROLOGY,True,Unknown,NBS19,Pre,2.0977299878959283,-2.305083353506786,0.012,0.024,8.416879718278546,8.442130357433381,140.0,8.414443099547617,8.41560298497845,False,5.04,Qtegra instrumental linearity enabled; residual application correction is separate,2.1017602852703114,-2.2827814210253674,7d5b31220f9b__qualification-2026-04-05.xlsx,2026-04-05 09:24:00,739711.0,5.04,8.414443099547618,,NBS19,MASS=140.0 ug; REP=18; MOCK_METROLOGY,NBS19,MASS=140.0 ug; REP=18; MOCK_METROLOGY,,,,,,OK,8.0,7.0,7.0,0.0,0.0,8.443936217884916,-0.0252560405320583,,,,,,,-0.0419972006578392,-0.0029910269192422,-0.0029955067398901,8.431308197618886,7.0,True,2.0971542311281595,-2.308269343861274,0.0128415746184324,0.0240262705727917,8.418680177352858
19.0,DEMO scientist,2026-04-05 09:36:00,2026-04-05 09:47:00,Completed,NBS19,MASS=60.0 ug; REP=19; MOCK_METROLOGY,True,Unknown,NBS19,Pre,2.059304398643082,-2.370209335594863,0.012,0.024,3.5961909436987294,3.606979516529825,60.0,3.589377627009138,3.588808292944013,False,2.16,Qtegra instrumental linearity enabled; residual application correction is separate,2.0537708300719357,-2.3804504387927343,7d5b31220f9b__qualification-2026-04-05.xlsx,2026-04-05 09:36:00,739711.0,2.16,3.5893776270091386,,NBS19,MASS=60.0 ug; REP=19; MOCK_METROLOGY,NBS19,MASS=60.0 ug; REP=19; MOCK_METROLOGY,,,,,,OK,8.0,7.0,7.0,0.0,0.0,3.5917258417558138,-0.0107429486792294,,,,,,,-0.0178639945863951,-0.0029910269192421,-0.00299550673989,3.586354367416199,7.0,True,2.06009490843896,-2.36874632085231,0.012734502206648,0.0255347375168679,3.5809828930765844
20.0,DEMO scientist,2026-04-05 09:48:00,2026-04-05 09:59:00,Completed,SHP2L,MASS=60.0 ug; REP=20; MOCK_METROLOGY,True,QC Standard,SHP2L,Pre,-0.640818677101289,-5.890414461835482,0.012,0.024,3.58682064569266,3.597581107629737,60.0,3.5757025443012145,3.5731601295413578,False,2.16,Qtegra instrumental linearity enabled; residual application correction is separate,-0.6230325291422032,-5.9117378669283775,7d5b31220f9b__qualification-2026-04-05.xlsx,2026-04-05 09:48:00,739711.0,2.16,3.5757025443012145,,SHP2L,MASS=60.0 ug; REP=20; MOCK_METROLOGY,SHP2L,MASS=60.0 ug; REP=20; MOCK_METROLOGY,,,,,,OK,8.0,7.0,7.0,0.0,0.0,3.590889144161464,-0.0107404460942013,,,,,,,-0.0178598331436918,-0.0029910269192421,-0.00299550673989,3.585518921114363,7.0,True,-0.6433595553811584,-5.887368261107925,0.0103799526632328,0.0241948927914423,3.5801486980672625
21.0,DEMO scientist,2026-04-05 10:00:00,2026-04-05 10:11:00,Completed,NBS18,MASS=60.0 ug; REP=21; MOCK_METROLOGY,True,Unknown,NBS19,Pre,-4.9046061960084435,-23.18006032668074,0.012,0.024,3.5946894418390705,3.6054735101645874,60.0,3.599311554617442,3.5973625974056462,False,2.16,Qtegra instrumental linearity enabled; residual application correction is separate,-4.908425674020847,-23.20823059458327,7d5b31220f9b__qualification-2026-04-05.xlsx,2026-04-05 10:00:00,739711.0,2.16,3.599311554617442,,NBS18,MASS=60.0 ug; REP=21; MOCK_METROLOGY,NBS18,MASS=60.0 ug; REP=21; MOCK_METROLOGY,,,,,,OK,8.0,7.0,7.0,0.0,0.0,3.612685134211845,-0.0108056384871737,,,,,,,-0.0179682388142304,-0.0029910269192422,-0.00299550673989,3.607282314968258,7.0,True,-4.904060556292386,-23.176036002694666,0.0128538420249522,0.0228220278148303,3.601879495724672
22.0,DEMO scientist,2026-04-05 10:12:00,2026-04-05 10:23:00,Completed,NBS19,MASS=100.0 ug; REP=22; MOCK_METROLOGY,True,Unknown,NBS19,Pre,2.080933098796903,-2.3341615020051614,0.012,0.024,5.994836256334053,6.012820765103054,100.0,5.992566532989239,5.993118893672821,False,3.6,Qtegra instrumental linearity enabled; residual application correction is separate,2.0912988822185,-2.3397077590010986,7d5b31220f9b__qualification-2026-04-05.xlsx,2026-04-05 10:12:00,739711.0,3.6,5.992566532989239,,NBS19,MASS=100.0 ug; REP=22; MOCK_METROLOGY,NBS19,MASS=100.0 ug; REP=22; MOCK_METROLOGY,,,,,,OK,8.0,7.0,7.0,0.0,0.0,6.006699680554986,-0.0179662004403429,,,,,,,-0.0298752341640524,-0.0029910269192421,-0.0029955067398899,5.997716580334815,7.0,True,2.079452272593818,-2.3333691795771707,0.0121463342230646,0.025809702986557,5.988733480114643
23.0,DEMO scientist,2026-04-05 10:24:00,2026-04-05 10:35:00,Completed,SHP2L,MASS=100.0 ug; REP=23; MOCK_METROLOGY,True,QC Standard,SHP2L,Pre,-0.6191435596257728,-5.854289266042954,0.012,0.024,5.9760033948031,5.993931404987508,100.0,5.98404893046968,5.984706577913771,False,3.6,Qtegra instrumental linearity enabled; residual application correction is separate,-0.605020941187695,-5.816075768326712,7d5b31220f9b__qualification-2026-04-05.xlsx,2026-04-05 10:24:00,739711.0,3.6,5.98404893046968,,SHP2L,MASS=100.0 ug; REP=23; MOCK_METROLOGY,SHP2L,MASS=100.0 ug; REP=23; MOCK_METROLOGY,,,,,,OK,8.0,7.0,7.0,0.0,0.0,6.006497413794634,-0.0179655954550179,,,,,,,-0.0298742281595659,-0.0029910269192421,-0.00299550673989,5.997514616067125,7.0,True,-0.6211610765454981,-5.859748337145275,0.0114021856589194,0.0198457316619529,5.988531818339616
24.0,DEMO scientist,2026-04-05 10:36:00,2026-04-05 10:47:00,Completed,NBS18,MASS=100.0 ug; REP=24; MOCK_METROLOGY,True,Unknown,NBS19,Pre,-4.883012826056681,-23.144071376761136,0.012,0.024,5.997845319197425,6.015838855155017,100.0,5.998574882591034,5.99872341321459,False,3.6,Qtegra instrumental linearity enabled; residual application correction is separate,-4.8738211525433535,-23.1193504319097,7d5b31220f9b__qualification-2026-04-05.xlsx,2026-04-05 10:36:00,739711.0,3.6,5.998574882591034,,NBS18,MASS=100.0 ug; REP=24; MOCK_METROLOGY,NBS18,MASS=100.0 ug; REP=24; MOCK_METROLOGY,,,,,,OK,8.0,7.0,7.0,0.0,0.0,6.01264934954558,-0.0179839960604546,,,,,,,-0.029904825747409,-0.0029910269192421,-0.00299550673989,6.003657351515352,7.0,True,-4.884325922272871,-23.14760294031134,0.0123250665063358,0.02357106735629,5.994665353485125
25.0,DEMO scientist,2026-04-05 10:48:00,2026-04-05 10:59:00,Completed,NBS19,MASS=140.0 ug; REP=25; MOCK_METROLOGY,True,Unknown,NBS19,Pre,2.1025833701704046,-2.2980777163826582,0.012,0.024,8.400736284261027,8.42593849311381,140.0,8.398152241156112,8.394686747569022,False,5.04,Qtegra instrumental linearity enabled; residual application correction is separate,2.102069938113248,-2.3041978687257703,7d5b31220f9b__qualification-2026-04-05.xlsx,2026-04-05 10:48:00,739711.0,5.04,8.398152241156112,,NBS19,MASS=140.0 ug; REP=25; MOCK_METROLOGY,NBS19,MASS=140.0 ug; REP=25; MOCK_METROLOGY,,,,,,OK,8.0,7.0,7.0,0.0,0.0,8.425980365129734,-0.0252023340931089,,,,,,,-0.0419078944940201,-0.0029910269192421,-0.00299550673989,8.41337919808318,7.0,True,2.102656717607142,-2.297203408905071,0.0129595442859522,0.0257849854254355,8.400778031036625
26.0,DEMO scientist,2026-04-05 11:00:00,2026-04-05 11:11:00,Completed,SHP2L,MASS=140.0 ug; REP=26; MOCK_METROLOGY,True,QC Standard,SHP2L,Pre,-0.5973974508383576,-5.818045751397262,0.012,0.024,8.397661059208938,8.422854042386563,140.0,8.400283240182493,8.400923790198938,False,5.04,Qtegra instrumental linearity enabled; residual application correction is separate,-0.6052380966653763,-5.78407173608106,7d5b31220f9b__qualification-2026-04-05.xlsx,2026-04-05 11:00:00,739711.0,5.04,8.400283240182493,,SHP2L,MASS=140.0 ug; REP=26; MOCK_METROLOGY,SHP2L,MASS=140.0 ug; REP=26; MOCK_METROLOGY,,,,,,OK,8.0,7.0,7.0,0.0,0.0,8.430067183710927,-0.0252145578774989,,,,,,,-0.041928220907623,-0.0029910269192421,-0.00299550673989,8.417459904772176,7.0,True,-0.5962773585773549,-5.82289918215672,0.0125016134045646,0.0212637240088079,8.404852625833428
27.0,DEMO scientist,2026-04-05 11:12:00,2026-04-05 11:23:00,Completed,NBS18,MASS=140.0 ug; REP=27; MOCK_METROLOGY,True,Unknown,NBS19,Pre,-4.861479872570755,-23.10818312095126,0.012,0.024,8.405877406397206,8.431095038616396,140.0,8.391125269916126,8.390359428537476,False,5.04,Qtegra instrumental linearity enabled; residual application correction is separate,-4.856061158609156,-23.109832004542664,7d5b31220f9b__qualification-2026-04-05.xlsx,2026-04-05 11:12:00,739711.0,5.04,8.391125269916127,,NBS18,MASS=140.0 ug; REP=27; MOCK_METROLOGY,NBS18,MASS=140.0 ug; REP=27; MOCK_METROLOGY,,,,,,OK,8.0,7.0,7.0,0.0,0.0,8.410834890319002,-0.0251570335702453,,,,,,,-0.0418325661722196,-0.0029910269192421,-0.00299550673989,8.39825637353388,7.0,True,-4.862253974565269,-23.10794756615249,0.0127439063982033,0.0259129722354768,8.385677856748757
28.0,DEMO scientist,2026-04-05 11:24:00,2026-04-05 11:35:00,Completed,NBS18,MASS=60.0 ug; REP=28; MOCK_METROLOGY,True,Unknown,NBS19,Pre,-4.921594681936851,-23.20469113656142,0.012,0.024,3.5958098259066915,3.6065972553844112,60.0,3.6005908959055186,3.6009222556757874,False,2.16,Qtegra instrumental linearity enabled; residual application correction is separate,-4.921745988524727,-23.192231822590166,7d5b31220f9b__qualification-2026-04-05.xlsx,2026-04-05 11:24:00,739711.0,2.16,3.6005908959055186,,NBS18,MASS=60.0 ug; REP=28; MOCK_METROLOGY,NBS18,MASS=60.0 ug; REP=28; MOCK_METROLOGY,,,,,,OK,8.0,7.0,7.0,0.0,0.0,3.612396614274753,-0.010804775516275,,,,,,,-0.0179668038164543,-0.0029910269192421,-0.00299550673989,3.606994226516616,7.0,True,-4.921573066710011,-23.206471038557314,0.0129613131780068,0.0253462329139225,3.6015918387584778
29.0,DEMO scientist,2026-04-05 11:36:00,2026-04-05 11:47:00,Completed,SHP2L,MASS=60.0 ug; REP=29; MOCK_METROLOGY,True,QC Standard,SHP2L,Pre,-0.6578174337378352,-5.915062389563059,0.012,0.024,3.5727088612318987,3.583426987815594,60.0,3.575840695796087,3.5726294488794035,False,2.16,Qtegra instrumental linearity enabled; residual application correction is separate,-0.6559652307935624,-5.871362635390204,7d5b31220f9b__qualification-2026-04-05.xlsx,2026-04-05 11:36:00,739711.0,2.16,3.575840695796087,,SHP2L,MASS=60.0 ug; REP=29; MOCK_METROLOGY,SHP2L,MASS=60.0 ug; REP=29; MOCK_METROLOGY,,,,,,OK,8.0,7.0,7.0,0.0,0.0,3.5860516530609514,-0.0107259770280982,,,,,,,-0.017835773146176,-0.0029910269192422,-0.00299550673989,3.5806886645469023,7.0,True,-0.6580820341584456,-5.921305211587752,0.0129362491380816,0.017557152851037,3.575325676032853
30.0,DEMO scientist,2026-04-05 11:48:00,2026-04-05 11:59:00,Completed,NBS19,MASS=60.0 ug; REP=30; MOCK_METROLOGY,True,Unknown,NBS19,Pre,2.042275744215314,-2.3949070929744773,0.012,0.024,3.582238638106928,3.592985354021248,60.0,3.5861938017015365,3.585265979084666,False,2.16,Qtegra instrumental linearity enabled; residual application correction is separate,2.047742295916562,-2.435470535536175,7d5b31220f9b__qualification-2026-04-05.xlsx,2026-04-05 11:48:00,739711.0,2.16,3.5861938017015365,,NBS19,MASS=60.0 ug; REP=30; MOCK_METROLOGY,NBS19,MASS=60.0 ug; REP=30; MOCK_METROLOGY,,,,,,OK,8.0,7.0,7.0,0.0,0.0,3.604834497670703,-0.0107821570219459,,,,,,,-0.0179291924797244,-0.0029910269192421,-0.00299550673989,3.59944341915973,7.0,True,2.0414948082579927,-2.389112315465664,0.0127400142969014,0.0189365211646141,3.594052340648757
31.0,DEMO scientist,2026-04-05 12:00:00,2026-04-05 12:11:00,Completed,NBS18,MASS=100.0 ug; REP=31; MOCK_METROLOGY,True,Unknown,NBS19,Pre,-4.899971238500703,-23.16865206416784,0.012,0.024,6.013938232551094,6.031980047248747,100.0,6.003195722144239,6.000852880926376,False,3.6,Qtegra instrumental linearity enabled; residual application correction is separate,-4.888020462816151,-23.167068767198213,7d5b31220f9b__qualification-2026-04-05.xlsx,2026-04-05 12:00:00,739711.0,3.6,6.003195722144239,,NBS18,MASS=100.0 ug; REP=31; MOCK_METROLOGY,NBS18,MASS=100.0 ug; REP=31; MOCK_METROLOGY,,,,,,OK,8.0,7.0,7.0,0.0,0.0,6.026830244981159,-0.0180264115004415,,,,,,,-0.0299753565870258,-0.0029910269192421,-0.00299550673989,6.0178170392309385,7.0,True,-4.901678492169924,-23.168878249449214,0.0118657487114526,0.0259137513437542,6.008803833480718
32.0,DEMO scientist,2026-04-05 12:12:00,2026-04-05 12:23:00,Completed,SHP2L,MASS=100.0 ug; REP=32; MOCK_METROLOGY,True,QC Standard,SHP2L,Pre,-0.6362291046866986,-5.879081841144497,0.012,0.024,5.9842626937412655,6.002215481822489,100.0,5.9745439237001605,5.977220130835187,False,3.6,Qtegra instrumental linearity enabled; residual application correction is separate,-0.6389675732752141,-5.872447208357814,7d5b31220f9b__qualification-2026-04-05.xlsx,2026-04-05 12:12:00,739711.0,3.6,5.9745439237001605,,SHP2L,MASS=100.0 ug; REP=32; MOCK_METROLOGY,SHP2L,MASS=100.0 ug; REP=32; MOCK_METROLOGY,,,,,,OK,8.0,7.0,7.0,0.0,0.0,5.991484714280973,-0.0179206920666423,,,,,,,-0.0297995602158938,-0.0029910269192421,-0.00299550673989,5.982524368247652,7.0,True,-0.6358378948883392,-5.880029645828309,0.0129062612327337,0.0257607366346386,5.9735640222143305
33.0,DEMO scientist,2026-04-05 12:24:00,2026-04-05 12:35:00,Completed,NBS19,MASS=100.0 ug; REP=33; MOCK_METROLOGY,True,Unknown,NBS19,Pre,2.0639793499153694,-2.358734416807718,0.012,0.024,5.998380834219059,6.016375976721716,100.0,5.997705546152162,5.996041551839962,False,3.6,Qtegra instrumental linearity enabled; residual application correction is separate,2.058654059372541,-2.346233510754612,7d5b31220f9b__qualification-2026-04-05.xlsx,2026-04-05 12:24:00,739711.0,3.6,5.9977055461521624,,NBS19,MASS=100.0 ug; REP=33; MOCK_METROLOGY,NBS19,MASS=100.0 ug; REP=33; MOCK_METROLOGY,,,,,,OK,8.0,7.0,7.0,0.0,0.0,6.001805674405199,-0.017951562336206,,,,,,,-0.0298508930803459,-0.0029910269192421,-0.00299550673989,5.992829893237096,7.0,True,2.064740105707202,-2.36052026052959,0.0127514053801322,0.0253423317897766,5.983854112068993
34.0,DEMO scientist,2026-04-05 12:36:00,2026-04-05 12:47:00,Completed,NBS18,MASS=140.0 ug; REP=34; MOCK_METROLOGY,True,Unknown,NBS19,Pre,-4.878305855181108,-23.132543091968515,0.012,0.024,8.411202774165865,8.436436382488361,140.0,8.410460535432504,8.409792572292323,False,5.04,Qtegra instrumental linearity enabled; residual application correction is separate,-4.872693781059005,-23.139464458655382,7d5b31220f9b__qualification-2026-04-05.xlsx,2026-04-05 12:36:00,739711.0,5.04,8.410460535432502,,NBS18,MASS=140.0 ug; REP=34; MOCK_METROLOGY,NBS18,MASS=140.0 ug; REP=34; MOCK_METROLOGY,,,,,,OK,8.0,7.0,7.0,0.0,0.0,8.435667158389961,-0.0252313075525112,,,,,,,-0.041956073233151,-0.0029910269192421,-0.00299550673989,8.423051504613706,7.0,True,-4.8791075800556944,-23.13155432529896,0.0127279566612655,0.0257463624178185,8.41043585083745
35.0,DEMO scientist,2026-04-05 12:48:00,2026-04-05 12:59:00,Completed,SHP2L,MASS=140.0 ug; REP=35; MOCK_METROLOGY,True,QC Standard,SHP2L,Pre,-0.6143515065650914,-5.842619177608485,0.012,0.024,8.40485540654201,8.430069972761636,140.0,8.405388159434292,8.405065095205245,False,5.04,Qtegra instrumental linearity enabled; residual application correction is separate,-0.6256583874626438,-5.887810799490195,7d5b31220f9b__qualification-2026-04-05.xlsx,2026-04-05 12:48:00,739711.0,5.04,8.405388159434292,,SHP2L,MASS=140.0 ug; REP=35; MOCK_METROLOGY,SHP2L,MASS=140.0 ug; REP=35; MOCK_METROLOGY,,,,,,OK,8.0,7.0,7.0,0.0,0.0,8.43245215080687,-0.0252216913782845,,,,,,,-0.0419400829041029,-0.0029910269192421,-0.00299550673989,8.419841305117728,7.0,True,-0.6127362378654411,-5.836163231625384,0.011985343782888,0.0168224187814134,8.407230459428586
36.0,DEMO scientist,2026-04-05 13:00:00,2026-04-05 13:11:00,Completed,NBS19,MASS=140.0 ug; REP=36; MOCK_METROLOGY,True,Unknown,NBS19,Pre,2.0855395225793534,-2.322800795701078,0.012,0.024,8.40292084949619,8.428129612044678,140.0,8.393280286594827,8.392558150957518,False,5.04,Qtegra instrumental linearity enabled; residual application correction is separate,2.079780303104212,-2.284777483696834,7d5b31220f9b__qualification-2026-04-05.xlsx,2026-04-05 13:00:00,739711.0,5.04,8.393280286594827,,NBS19,MASS=140.0 ug; REP=36; MOCK_METROLOGY,NBS19,MASS=140.0 ug; REP=36; MOCK_METROLOGY,,,,,,OK,8.0,7.0,7.0,0.0,0.0,8.414354191254091,-0.0251675598940792,,,,,,,-0.0418500699505209,-0.0029910269192421,-0.00299550673989,8.401770411307051,7.0,True,2.08636226821866,-2.3282326974159697,0.0127154303789279,0.019915190393877,8.389186631360012
37.0,DEMO scientist,2026-04-05 13:12:00,2026-04-05 13:23:00,Completed,NBS19,MASS=60.0 ug; REP=37; MOCK_METROLOGY,True,Unknown,NBS19,Pre,2.047358981320946,-2.3875183644650906,0.012,0.024,3.603590037724163,3.614400807837335,60.0,3.5954423689939743,3.597168489087621,False,2.16,Qtegra instrumental linearity enabled; residual application correction is separate,2.0375498141634107,-2.3982383922025368,7d5b31220f9b__qualification-2026-04-05.xlsx,2026-04-05 13:12:00,739711.0,2.16,3.5954423689939743,,NBS19,MASS=60.0 ug; REP=37; MOCK_METROLOGY,NBS19,MASS=60.0 ug; REP=37; MOCK_METROLOGY,,,,,,OK,8.0,7.0,7.0,0.0,0.0,3.610471242100451,-0.0107990166762723,,,,,,,-0.017957227685198,-0.0029910269192422,-0.0029955067398901,3.6050717337623146,7.0,True,2.048760290914879,-2.38598693193117,0.0122340682769414,0.0254972678473161,3.5996722254241784
38.0,DEMO scientist,2026-04-05 13:24:00,2026-04-05 13:35:00,Completed,SHP2L,MASS=60.0 ug; REP=38; MOCK_METROLOGY,True,QC Standard,SHP2L,Pre,-0.6525210000800835,-5.907318333466805,0.012,0.024,3.610231250067224,3.6210619438174247,60.0,3.608777768879614,3.6097950569451576,False,2.16,Qtegra instrumental linearity enabled; residual application correction is separate,-0.6589180117153015,-5.927534007862374,7d5b31220f9b__qualification-2026-04-05.xlsx,2026-04-05 13:24:00,739711.0,2.16,3.608777768879614,,SHP2L,MASS=60.0 ug; REP=38; MOCK_METROLOGY,SHP2L,MASS=60.0 ug; REP=38; MOCK_METROLOGY,,,,,,OK,8.0,7.0,7.0,0.0,0.0,3.6144590898702513,-0.0108109444363013,,,,,,,-0.0179770618524224,-0.0029910269192421,-0.00299550673989,3.609053617652101,7.0,True,-0.6516071412750524,-5.904430379981724,0.0126572263729075,0.0243753447203259,3.60364814543395
39.0,DEMO scientist,2026-04-05 13:36:00,2026-04-05 13:47:00,Completed,NBS18,MASS=60.0 ug; REP=39; MOCK_METROLOGY,True,Unknown,NBS19,Pre,-4.916540586274604,-23.19735097712434,0.012,0.024,3.61289714183814,3.623735833263654,60.0,3.6066015250440175,3.609535829566955,False,2.16,Qtegra instrumental linearity enabled; residual application correction is separate,-4.916446105244768,-23.212694713941428,7d5b31220f9b__qualification-2026-04-05.xlsx,2026-04-05 13:36:00,739711.0,2.16,3.6066015250440184,,NBS18,MASS=60.0 ug; REP=39; MOCK_METROLOGY,NBS18,MASS=60.0 ug; REP=39; MOCK_METROLOGY,,,,,,OK,8.0,7.0,7.0,0.0,0.0,3.604842455756744,-0.0107821808247954,,,,,,,-0.0179292320604751,-0.0029910269192421,-0.00299550673989,3.599451365344346,7.0,True,-4.916554083564582,-23.1951590147219,0.0129614158054918,0.025043085693367,3.594060274931948
40.0,DEMO scientist,2026-04-05 13:48:00,2026-04-05 13:59:00,Completed,NBS19,MASS=100.0 ug; REP=40; MOCK_METROLOGY,True,Unknown,NBS19,Pre,2.069183073179782,-2.351144878033697,0.012,0.024,6.016936883853236,6.034987694504795,100.0,6.020341464420216,6.019298514436869,False,3.6,Qtegra instrumental linearity enabled; residual application correction is separate,2.0666203233939395,-2.318533729506402,7d5b31220f9b__qualification-2026-04-05.xlsx,2026-04-05 13:48:00,739711.0,3.6,6.020341464420216,,NBS19,MASS=100.0 ug; REP=40; MOCK_METROLOGY,NBS19,MASS=100.0 ug; REP=40; MOCK_METROLOGY,,,,,,OK,8.0,7.0,7.0,0.0,0.0,6.039630676541626,-0.0180646979358165,,,,,,,-0.0300390214796631,-0.0029910269192421,-0.00299550673989,6.030598327573718,7.0,True,2.0695491802920456,-2.355803613537596,0.0129131333185225,0.0216663574706026,6.0215659786058096
41.0,DEMO scientist,2026-04-05 14:00:00,2026-04-05 14:11:00,Completed,SHP2L,MASS=100.0 ug; REP=41; MOCK_METROLOGY,True,QC Standard,SHP2L,Pre,-0.6309656838504124,-5.8713928064173535,0.012,0.024,6.001289011614454,6.0192928786492965,100.0,6.003812905509734,6.002235100506071,False,3.6,Qtegra instrumental linearity enabled; residual application correction is separate,-0.628791281130482,-5.880565438557767,7d5b31220f9b__qualification-2026-04-05.xlsx,2026-04-05 14:00:00,739711.0,3.6,6.003812905509734,,SHP2L,MASS=100.0 ug; REP=41; MOCK_METROLOGY,SHP2L,MASS=100.0 ug; REP=41; MOCK_METROLOGY,,,,,,OK,8.0,7.0,7.0,0.0,0.0,6.015580397134169,-0.0179927629026934,,,,,,,-0.0299194037582485,-0.0029910269192421,-0.00299550673989,6.006584015682822,7.0,True,-0.6312763128104023,-5.870082430397295,0.0129266942174972,0.0256119868499727,5.997587634231476
42.0,DEMO scientist,2026-04-05 14:12:00,2026-04-05 14:23:00,Completed,NBS18,MASS=100.0 ug; REP=42; MOCK_METROLOGY,True,Unknown,NBS19,Pre,-4.8948352465995395,-23.16117541099923,0.012,0.024,6.026886692338772,6.044967352415788,100.0,6.018305933384566,6.016576884710591,False,3.6,Qtegra instrumental linearity enabled; residual application correction is separate,-4.875986969639381,-23.166740418983636,7d5b31220f9b__qualification-2026-04-05.xlsx,2026-04-05 14:12:00,739711.0,3.6,6.018305933384566,,NBS18,MASS=100.0 ug; REP=42; MOCK_METROLOGY,NBS18,MASS=100.0 ug; REP=42; MOCK_METROLOGY,,,,,,OK,8.0,7.0,7.0,0.0,0.0,6.026333163279872,-0.018024924715692,,,,,,,-0.0299728842756046,-0.0029910269192421,-0.00299550673989,6.017320700922026,7.0,True,-4.897527857593849,-23.1603804098586,0.0100165810689615,0.0258089341715817,6.00830823856418
43.0,DEMO scientist,2026-04-05 14:24:00,2026-04-05 14:35:00,Completed,NBS19,MASS=140.0 ug; REP=43; MOCK_METROLOGY,True,Unknown,NBS19,Pre,2.0904161985439336,-2.315756335760111,0.012,0.024,8.376528967715897,8.401658554619043,140.0,8.3795776159926,8.378232954216918,False,5.04,Qtegra instrumental linearity enabled; residual application correction is separate,2.080569077761597,-2.2982285994671976,7d5b31220f9b__qualification-2026-04-05.xlsx,2026-04-05 14:24:00,739711.0,5.04,8.3795776159926,,NBS19,MASS=140.0 ug; REP=43; MOCK_METROLOGY,NBS19,MASS=140.0 ug; REP=43; MOCK_METROLOGY,,,,,,OK,8.0,7.0,7.0,0.0,0.0,8.402605554944023,-0.0251324194066118,,,,,,,-0.0417916363214843,-0.0029910269192422,-0.0029955067398901,8.390039345240716,7.0,True,2.0918229300842675,-2.31826029808767,0.0122282593263314,0.0247685609495897,8.37747313553741
44.0,DEMO scientist,2026-04-05 14:36:00,2026-04-05 14:47:00,Completed,SHP2L,MASS=140.0 ug; REP=44; MOCK_METROLOGY,True,QC Standard,SHP2L,Pre,-0.609358813111639,-5.8353813551860645,0.012,0.024,8.404659949530533,8.429873929379124,140.0,8.404576320929005,8.40611771910227,False,5.04,Qtegra instrumental linearity enabled; residual application correction is separate,-0.589360941565373,-5.820379989394799,7d5b31220f9b__qualification-2026-04-05.xlsx,2026-04-05 14:36:00,739711.0,5.04,8.404576320929005,,SHP2L,MASS=140.0 ug; REP=44; MOCK_METROLOGY,SHP2L,MASS=140.0 ug; REP=44; MOCK_METROLOGY,,,,,,OK,8.0,7.0,7.0,0.0,0.0,8.4273245549459,-0.0252063546010337,,,,,,,-0.0419145800264515,-0.0029910269192421,-0.00299550673989,8.414721377645382,7.0,True,-0.6122156519039627,-5.837524407441959,0.0095825747968362,0.0250825647067048,8.402118200344866
45.0,DEMO scientist,2026-04-05 14:48:00,2026-04-05 14:59:00,Completed,NBS18,MASS=140.0 ug; REP=45; MOCK_METROLOGY,True,Unknown,NBS19,Pre,-4.873393305778694,-23.12543884296449,0.012,0.024,8.394077434435,8.419259666738304,140.0,8.400743802367364,8.400697623612455,False,5.04,Qtegra instrumental linearity enabled; residual application correction is separate,-4.860220963685583,-23.08873770264082,7d5b31220f9b__qualification-2026-04-05.xlsx,2026-04-05 14:48:00,739711.0,5.04,8.400743802367364,,NBS18,MASS=140.0 ug; REP=45; MOCK_METROLOGY,NBS18,MASS=140.0 ug; REP=45; MOCK_METROLOGY,,,,,,OK,8.0,7.0,7.0,0.0,0.0,8.421972724739723,-0.0251903471328205,,,,,,,-0.0418879618851906,-0.0029910269192422,-0.0029955067398901,8.409377551173312,7.0,True,-4.875275068934853,-23.130681863010725,0.0116168137897254,0.0203821878303306,8.396782377606902
