Index,User name,Start Time,Stop Time,Status,Label,Comment,Evaluate,Sample Type,Reference,Cycle Number,d 13C/12C  Mean,d 18O/16O  Mean,d 13C/12C  Std Dev,d 18O/16O  Std Dev,Sample Intensity 44.00 m/z,Standard Intensity 44.00 m/z,mass_ug µg,Pressure Adjust Target Intensity,Pressure Adjust Result Intensity,Pressure Adjust failed with Target Intensity,Kiel IV CO2 Sample Pressure,Linearity Correction Result,d13C,d18O,Excel File,Date,Date_ordinal,total_co2,1  Cycle Int  Samp  44,Raw Identifier 1,Raw Label,Raw Comment,Identifier 1,Identifier 2,Species,leak_rate,p_no_acid,p_gases,Line
1.0,DEMO scientist,2026-04-08 08:00:00,2026-04-08 08:11:00,Completed,SHP2L,MASS=100.0 ug; REP=1; MOCK_METROLOGY,True,QC Standard,SHP2L,Pre,-0.6619766407735354,-5.913961067955891,0.012,0.024,6.001535482761142,6.019540089209425,100.0,6.00259546960719,6.002842122490613,False,3.6,Qtegra instrumental linearity enabled; residual application correction is separate,-0.6687636546630426,-5.893582763387468,b04a581003bc__routine-2026-04-08.xlsx,2026-04-08 08:00:00,739714.0,3.6,6.002842122490613,,SHP2L,MASS=100.0 ug; REP=1; MOCK_METROLOGY,SHP2L,MASS=100.0 ug; REP=1; MOCK_METROLOGY,,,,,
,,,,,Unknown,,,,,Cycle 1,,,,,6.002101755248212,6.020108060513956,,,,,,,-0.663937970398766,-5.886876724287536,b04a581003bc__routine-2026-04-08.xlsx,,,,,,,,,,,,,,
,,,,,Unknown,,,,,Cycle 2,,,,,5.987475272411773,6.005437698229008,,,,,,,-0.6678731411026773,-5.948661595204656,b04a581003bc__routine-2026-04-08.xlsx,,,,,,,,,,,,,,
,,,,,Unknown,,,,,Cycle 3,,,,,6.0055532534381495,6.023569913198464,,,,,,,-0.6572586800651479,-5.917435273919176,b04a581003bc__routine-2026-04-08.xlsx,,,,,,,,,,,,,,
,,,,,Unknown,,,,,Cycle 4,,,,,6.003832893026914,6.021844391705994,,,,,,,-0.6634110261518567,-5.937096369696212,b04a581003bc__routine-2026-04-08.xlsx,,,,,,,,,,,,,,
,,,,,Unknown,,,,,Cycle 5,,,,,6.008041691939684,6.026065817015502,,,,,,,-0.6671141450982467,-5.922767305238095,b04a581003bc__routine-2026-04-08.xlsx,,,,,,,,,,,,,,
,,,,,Unknown,,,,,Cycle 6,,,,,6.010458555249135,6.0284899309148825,,,,,,,-0.6345373404084161,-5.922603995448918,b04a581003bc__routine-2026-04-08.xlsx,,,,,,,,,,,,,,
,,,,,Unknown,,,,,Cycle 7,,,,,6.001764852782507,6.019770147340855,,,,,,,-0.6729171683001296,-5.882664516465071,b04a581003bc__routine-2026-04-08.xlsx,,,,,,,,,,,,,,
,,,,,Unknown,,,,,Cycle 8,,,,,,6.026605851485619,,,,,,,,,b04a581003bc__routine-2026-04-08.xlsx,,,,,,,,,,,,,,
2.0,DEMO scientist,2026-04-08 08:12:00,2026-04-08 08:23:00,Completed,DEMO-01-01-02,MASS=90.0 ug; REP=2; MOCK_METROLOGY,True,Unknown,NBS19,Pre,-1.950799488271179,-14.675341470741117,0.012,0.024,5.406442971439091,5.422662300353408,90.0,5.399963825995454,5.4007519755933,False,3.24,Qtegra instrumental linearity enabled; residual application correction is separate,-1.9524994997024057,-14.642804384518534,b04a581003bc__routine-2026-04-08.xlsx,2026-04-08 08:12:00,739714.0,3.24,5.4007519755933,,DEMO-01-01-02,MASS=90.0 ug; REP=2; MOCK_METROLOGY,DEMO-01-01-02,MASS=90.0 ug; REP=2; MOCK_METROLOGY,,,,,
,,,,,Unknown,,,,,Cycle 1,,,,,5.399152158191346,5.41534961466592,,,,,,,-1.938399050386436,-14.69838427392433,b04a581003bc__routine-2026-04-08.xlsx,,,,,,,,,,,,,,
,,,,,Unknown,,,,,Cycle 2,,,,,5.387681336729149,5.403844380739336,,,,,,,-1.937150713507782,-14.66898525229482,b04a581003bc__routine-2026-04-08.xlsx,,,,,,,,,,,,,,
,,,,,Unknown,,,,,Cycle 3,,,,,5.401566584649398,5.417771284403345,,,,,,,-1.9432113252083292,-14.68670289659477,b04a581003bc__routine-2026-04-08.xlsx,,,,,,,,,,,,,,
,,,,,Unknown,,,,,Cycle 4,,,,,5.411356517979912,5.427590587533851,,,,,,,-1.9526060193685053,-14.678369827097091,b04a581003bc__routine-2026-04-08.xlsx,,,,,,,,,,,,,,
,,,,,Unknown,,,,,Cycle 5,,,,,5.385223929327669,5.401379601115651,,,,,,,-1.972612716579417,-14.702859381110194,b04a581003bc__routine-2026-04-08.xlsx,,,,,,,,,,,,,,
,,,,,Unknown,,,,,Cycle 6,,,,,5.398182823305263,5.414377371775179,,,,,,,-1.9618065777545195,-14.638157246511929,b04a581003bc__routine-2026-04-08.xlsx,,,,,,,,,,,,,,
,,,,,Unknown,,,,,Cycle 7,,,,,5.410104286341795,5.42633459920082,,,,,,,-1.948110003662037,-14.686468503877265,b04a581003bc__routine-2026-04-08.xlsx,,,,,,,,,,,,,,
,,,,,Unknown,,,,,Cycle 8,,,,,,5.4215636812994354,,,,,,,,,b04a581003bc__routine-2026-04-08.xlsx,,,,,,,,,,,,,,
3.0,DEMO scientist,2026-04-08 08:24:00,2026-04-08 08:35:00,Completed,DEMO-01-01-03,MASS=94.0 ug; REP=3; MOCK_METROLOGY,True,Unknown,NBS19,Pre,-1.2271068124396929,-12.661428922864204,0.012,0.024,5.6214859512096185,5.638350409063246,94.0,5.628901481833416,5.631132654616189,False,3.384,Qtegra instrumental linearity enabled; residual application correction is separate,-1.227930886182652,-12.682644391773623,b04a581003bc__routine-2026-04-08.xlsx,2026-04-08 08:24:00,739714.0,3.384,5.631132654616189,,DEMO-01-01-03,MASS=94.0 ug; REP=3; MOCK_METROLOGY,DEMO-01-01-03,MASS=94.0 ug; REP=3; MOCK_METROLOGY,,,,,
,,,,,Unknown,,,,,Cycle 1,,,,,5.632864817294661,5.6497634117465445,,,,,,,-1.2279528346577144,-12.67066519949119,b04a581003bc__routine-2026-04-08.xlsx,,,,,,,,,,,,,,
,,,,,Unknown,,,,,Cycle 2,,,,,5.631872513771117,5.64876813131243,,,,,,,-1.2050953241634543,-12.627341058893236,b04a581003bc__routine-2026-04-08.xlsx,,,,,,,,,,,,,,
,,,,,Unknown,,,,,Cycle 3,,,,,5.626626049258187,5.643505927405961,,,,,,,-1.2334081659495089,-12.628078034213074,b04a581003bc__routine-2026-04-08.xlsx,,,,,,,,,,,,,,
,,,,,Unknown,,,,,Cycle 4,,,,,5.633719030147275,5.650620187237716,,,,,,,-1.2264896759255233,-12.692148280973964,b04a581003bc__routine-2026-04-08.xlsx,,,,,,,,,,,,,,
,,,,,Unknown,,,,,Cycle 5,,,,,5.61839040712228,5.635245578343646,,,,,,,-1.2463359522595046,-12.675508294536822,b04a581003bc__routine-2026-04-08.xlsx,,,,,,,,,,,,,,
,,,,,Unknown,,,,,Cycle 6,,,,,5.634864181405968,5.651768773950185,,,,,,,-1.2176863935860625,-12.65252748076967,b04a581003bc__routine-2026-04-08.xlsx,,,,,,,,,,,,,,
,,,,,Unknown,,,,,Cycle 7,,,,,5.631388904458222,5.648283071171597,,,,,,,-1.2319552667931233,-12.662518642262054,b04a581003bc__routine-2026-04-08.xlsx,,,,,,,,,,,,,,
,,,,,Unknown,,,,,Cycle 8,,,,,,5.651417087760749,,,,,,,,,b04a581003bc__routine-2026-04-08.xlsx,,,,,,,,,,,,,,
4.0,DEMO scientist,2026-04-08 08:36:00,2026-04-08 08:47:00,Completed,DEMO-01-01-04,MASS=98.0 ug; REP=4; MOCK_METROLOGY,True,Unknown,NBS19,Pre,-0.5039585715648762,-10.62857298321456,0.012,0.024,5.884726366605753,5.9023805457055705,98.0,5.87726605333904,5.876402870446967,False,3.528,Qtegra instrumental linearity enabled; residual application correction is separate,-0.5219799903262239,-10.624909208822126,b04a581003bc__routine-2026-04-08.xlsx,2026-04-08 08:36:00,739714.0,3.528,5.876402870446967,,DEMO-01-01-04,MASS=98.0 ug; REP=4; MOCK_METROLOGY,DEMO-01-01-04,MASS=98.0 ug; REP=4; MOCK_METROLOGY,,,,,
,,,,,Unknown,,,,,Cycle 1,,,,,5.874684026413869,5.89230807849311,,,,,,,-0.4971033887930354,-10.667966231876663,b04a581003bc__routine-2026-04-08.xlsx,,,,,,,,,,,,,,
,,,,,Unknown,,,,,Cycle 2,,,,,5.870430660115146,5.888041952095491,,,,,,,-0.4980256440776002,-10.644540133495436,b04a581003bc__routine-2026-04-08.xlsx,,,,,,,,,,,,,,
,,,,,Unknown,,,,,Cycle 3,,,,,5.878677322952955,5.896313354921813,,,,,,,-0.5129744262973266,-10.65143613239738,b04a581003bc__routine-2026-04-08.xlsx,,,,,,,,,,,,,,
,,,,,Unknown,,,,,Cycle 4,,,,,5.886156464307923,5.903814933700846,,,,,,,-0.5105693167220282,-10.61759892242522,b04a581003bc__routine-2026-04-08.xlsx,,,,,,,,,,,,,,
,,,,,Unknown,,,,,Cycle 5,,,,,5.869860475604439,5.887470057031251,,,,,,,-0.4887004959802775,-10.619220810504617,b04a581003bc__routine-2026-04-08.xlsx,,,,,,,,,,,,,,
,,,,,Unknown,,,,,Cycle 6,,,,,5.869978317140808,5.88758825209223,,,,,,,-0.5118241583930739,-10.603752258679902,b04a581003bc__routine-2026-04-08.xlsx,,,,,,,,,,,,,,
,,,,,Unknown,,,,,Cycle 7,,,,,5.883614793571431,5.901265637952144,,,,,,,-0.490491151929444,-10.599160167515128,b04a581003bc__routine-2026-04-08.xlsx,,,,,,,,,,,,,,
,,,,,Unknown,,,,,Cycle 8,,,,,,5.900775117552397,,,,,,,,,b04a581003bc__routine-2026-04-08.xlsx,,,,,,,,,,,,,,
5.0,DEMO scientist,2026-04-08 08:48:00,2026-04-08 08:59:00,Completed,DEMO-01-01-05,MASS=102.0 ug; REP=5; MOCK_METROLOGY,True,Unknown,NBS19,Pre,0.2336405081785009,-8.642322755987525,0.012,0.024,6.09609034452421,6.114378615557782,102.0,6.1035378055029845,6.104106444638004,False,3.672,Qtegra instrumental linearity enabled; residual application correction is separate,0.2268247766987055,-8.616427973468408,b04a581003bc__routine-2026-04-08.xlsx,2026-04-08 08:48:00,739714.0,3.672,6.104106444638004,,DEMO-01-01-05,MASS=102.0 ug; REP=5; MOCK_METROLOGY,DEMO-01-01-05,MASS=102.0 ug; REP=5; MOCK_METROLOGY,,,,,
,,,,,Unknown,,,,,Cycle 1,,,,,6.10683501889147,6.125155523948144,,,,,,,0.2352341043436251,-8.632673735456905,b04a581003bc__routine-2026-04-08.xlsx,,,,,,,,,,,,,,
,,,,,Unknown,,,,,Cycle 2,,,,,6.104847976582079,6.1231625205118245,,,,,,,0.2502225167614502,-8.663041545005198,b04a581003bc__routine-2026-04-08.xlsx,,,,,,,,,,,,,,
,,,,,Unknown,,,,,Cycle 3,,,,,6.104651154071159,6.122965107533372,,,,,,,0.226978877777865,-8.661838935270216,b04a581003bc__routine-2026-04-08.xlsx,,,,,,,,,,,,,,
,,,,,Unknown,,,,,Cycle 4,,,,,6.112257540719217,6.130594313341374,,,,,,,0.2488255363460071,-8.607658232705257,b04a581003bc__routine-2026-04-08.xlsx,,,,,,,,,,,,,,
,,,,,Unknown,,,,,Cycle 5,,,,,6.103744659915543,6.122055893895289,,,,,,,0.2395191983356363,-8.6597554405514,b04a581003bc__routine-2026-04-08.xlsx,,,,,,,,,,,,,,
,,,,,Unknown,,,,,Cycle 6,,,,,6.0990013581008125,6.117298362175114,,,,,,,0.2161398670553173,-8.627688006522934,b04a581003bc__routine-2026-04-08.xlsx,,,,,,,,,,,,,,
,,,,,Unknown,,,,,Cycle 7,,,,,6.10087439121939,6.119177014393048,,,,,,,0.2253791881094005,-8.669498178919882,b04a581003bc__routine-2026-04-08.xlsx,,,,,,,,,,,,,,
,,,,,Unknown,,,,,Cycle 8,,,,,,6.1279519567249965,,,,,,,,,b04a581003bc__routine-2026-04-08.xlsx,,,,,,,,,,,,,,
6.0,DEMO scientist,2026-04-08 09:00:00,2026-04-08 09:11:00,Completed,SHP2L,MASS=100.0 ug; REP=6; MOCK_METROLOGY,True,QC Standard,SHP2L,Pre,-0.6059414532590156,-5.83165242209836,0.012,0.024,6.0043987838493615,6.022411980200909,100.0,6.00650519344271,6.007521141593136,False,3.6,Qtegra instrumental linearity enabled; residual application correction is separate,-0.6272123252131508,-5.80753659384128,b04a581003bc__routine-2026-04-08.xlsx,2026-04-08 09:00:00,739714.0,3.6,6.007521141593136,,SHP2L,MASS=100.0 ug; REP=6; MOCK_METROLOGY,SHP2L,MASS=100.0 ug; REP=6; MOCK_METROLOGY,,,,,
,,,,,Unknown,,,,,Cycle 1,,,,,6.0095454298381865,6.0275740661277,,,,,,,-0.6039513979739629,-5.839033752656745,b04a581003bc__routine-2026-04-08.xlsx,,,,,,,,,,,,,,
,,,,,Unknown,,,,,Cycle 2,,,,,6.000323601772515,6.018324572577832,,,,,,,-0.6045746450290549,-5.851978021219691,b04a581003bc__routine-2026-04-08.xlsx,,,,,,,,,,,,,,
,,,,,Unknown,,,,,Cycle 3,,,,,6.006469987816771,6.02448939778022,,,,,,,-0.6144313552269067,-5.831749567094423,b04a581003bc__routine-2026-04-08.xlsx,,,,,,,,,,,,,,
,,,,,Unknown,,,,,Cycle 4,,,,,5.998195285744633,6.016189871601867,,,,,,,-0.6131794235670291,-5.785632089003959,b04a581003bc__routine-2026-04-08.xlsx,,,,,,,,,,,,,,
,,,,,Unknown,,,,,Cycle 5,,,,,6.004485905689954,6.022499363407023,,,,,,,-0.5890717121657664,-5.855535619197334,b04a581003bc__routine-2026-04-08.xlsx,,,,,,,,,,,,,,
,,,,,Unknown,,,,,Cycle 6,,,,,6.01402550695606,6.032067583476928,,,,,,,-0.5976401585393432,-5.832991930464138,b04a581003bc__routine-2026-04-08.xlsx,,,,,,,,,,,,,,
,,,,,Unknown,,,,,Cycle 7,,,,,6.014597045874196,6.032640837011818,,,,,,,-0.5974706083569107,-5.848761803309309,b04a581003bc__routine-2026-04-08.xlsx,,,,,,,,,,,,,,
,,,,,Unknown,,,,,Cycle 8,,,,,,6.030531214216481,,,,,,,,,b04a581003bc__routine-2026-04-08.xlsx,,,,,,,,,,,,,,
7.0,DEMO scientist,2026-04-08 09:12:00,2026-04-08 09:23:00,Completed,DEMO-01-01-07,MASS=94.0 ug; REP=7; MOCK_METROLOGY,True,Unknown,NBS19,Pre,-3.377269552705267,-18.653348671285965,0.012,0.024,5.629961621649251,5.646851506514198,94.0,5.625964356235588,5.627332327492963,False,3.384,Qtegra instrumental linearity enabled; residual application correction is separate,-3.386311303417863,-18.67012332065359,b04a581003bc__routine-2026-04-08.xlsx,2026-04-08 09:12:00,739714.0,3.384,5.627332327492963,,DEMO-01-01-07,MASS=94.0 ug; REP=7; MOCK_METROLOGY,DEMO-01-01-07,MASS=94.0 ug; REP=7; MOCK_METROLOGY,,,,,
,,,,,Unknown,,,,,Cycle 1,,,,,5.624299945781861,5.641172845619207,,,,,,,-3.391824113180501,-18.663025699506303,b04a581003bc__routine-2026-04-08.xlsx,,,,,,,,,,,,,,
,,,,,Unknown,,,,,Cycle 2,,,,,5.628427967231251,5.6453132511329445,,,,,,,-3.3633419693451616,-18.659185060002027,b04a581003bc__routine-2026-04-08.xlsx,,,,,,,,,,,,,,
,,,,,Unknown,,,,,Cycle 3,,,,,5.62707052697248,5.643951738553397,,,,,,,-3.382182603243802,-18.657843831215057,b04a581003bc__routine-2026-04-08.xlsx,,,,,,,,,,,,,,
,,,,,Unknown,,,,,Cycle 4,,,,,5.625983830380924,5.642861781872066,,,,,,,-3.365525325846916,-18.608313473732064,b04a581003bc__routine-2026-04-08.xlsx,,,,,,,,,,,,,,
,,,,,Unknown,,,,,Cycle 5,,,,,5.624277016721831,5.641149847771996,,,,,,,-3.373097522201568,-18.678243132136387,b04a581003bc__routine-2026-04-08.xlsx,,,,,,,,,,,,,,
,,,,,Unknown,,,,,Cycle 6,,,,,5.632600442222826,5.649498243549495,,,,,,,-3.3909765918461363,-18.66523023497392,b04a581003bc__routine-2026-04-08.xlsx,,,,,,,,,,,,,,
,,,,,Unknown,,,,,Cycle 7,,,,,5.615093498924287,5.631938779421059,,,,,,,-3.3648969925601877,-18.624824618068374,b04a581003bc__routine-2026-04-08.xlsx,,,,,,,,,,,,,,
,,,,,Unknown,,,,,Cycle 8,,,,,,5.64846821366053,,,,,,,,,b04a581003bc__routine-2026-04-08.xlsx,,,,,,,,,,,,,,
8.0,DEMO scientist,2026-04-08 09:24:00,2026-04-08 09:35:00,Completed,DEMO-01-01-08,MASS=98.0 ug; REP=8; MOCK_METROLOGY,True,Unknown,NBS19,Pre,-2.672070228332629,-16.64062424523916,0.012,0.024,5.889969294102091,5.907639201984397,98.0,5.892911585778861,5.892891628717142,False,3.528,Qtegra instrumental linearity enabled; residual application correction is separate,-2.668813280383347,-16.688846376238843,b04a581003bc__routine-2026-04-08.xlsx,2026-04-08 09:24:00,739714.0,3.528,5.892891628717142,,DEMO-01-01-08,MASS=98.0 ug; REP=8; MOCK_METROLOGY,DEMO-01-01-08,MASS=98.0 ug; REP=8; MOCK_METROLOGY,,,,,
,,,,,Unknown,,,,,Cycle 1,,,,,5.891431891967252,5.909106187643153,,,,,,,-2.669335943171645,-16.6263964990235,b04a581003bc__routine-2026-04-08.xlsx,,,,,,,,,,,,,,
,,,,,Unknown,,,,,Cycle 2,,,,,5.888606641150907,5.906272461074359,,,,,,,-2.690659740554669,-16.653046484729543,b04a581003bc__routine-2026-04-08.xlsx,,,,,,,,,,,,,,
,,,,,Unknown,,,,,Cycle 3,,,,,5.89009561334369,5.907765900183721,,,,,,,-2.658698564053142,-16.619382236231807,b04a581003bc__routine-2026-04-08.xlsx,,,,,,,,,,,,,,
,,,,,Unknown,,,,,Cycle 4,,,,,5.890900455188918,5.908573156554484,,,,,,,-2.6635253517743176,-16.63867157622684,b04a581003bc__routine-2026-04-08.xlsx,,,,,,,,,,,,,,
,,,,,Unknown,,,,,Cycle 5,,,,,5.892299493537202,5.909976392017812,,,,,,,-2.6707802567501937,-16.620476363565515,b04a581003bc__routine-2026-04-08.xlsx,,,,,,,,,,,,,,
,,,,,Unknown,,,,,Cycle 6,,,,,5.895690859946635,5.913377932526474,,,,,,,-2.6644399266502314,-16.623527853223415,b04a581003bc__routine-2026-04-08.xlsx,,,,,,,,,,,,,,
,,,,,Unknown,,,,,Cycle 7,,,,,5.904298436994196,5.922011332305178,,,,,,,-2.690308763323487,-16.654646572673816,b04a581003bc__routine-2026-04-08.xlsx,,,,,,,,,,,,,,
,,,,,Unknown,,,,,Cycle 8,,,,,,5.916483232121976,,,,,,,,,b04a581003bc__routine-2026-04-08.xlsx,,,,,,,,,,,,,,
9.0,DEMO scientist,2026-04-08 09:36:00,2026-04-08 09:47:00,Completed,DEMO-01-01-09,MASS=102.0 ug; REP=9; MOCK_METROLOGY,True,Unknown,NBS19,Pre,-1.924630130478144,-14.650266670675112,0.012,0.024,6.143759381434875,6.162190659579179,102.0,6.133136659479316,6.134471638436822,False,3.672,Qtegra instrumental linearity enabled; residual application correction is separate,-1.9301257648455956,-14.63477367964894,b04a581003bc__routine-2026-04-08.xlsx,2026-04-08 09:36:00,739714.0,3.672,6.134471638436822,,DEMO-01-01-09,MASS=102.0 ug; REP=9; MOCK_METROLOGY,DEMO-01-01-09,MASS=102.0 ug; REP=9; MOCK_METROLOGY,,,,,
,,,,,Unknown,,,,,Cycle 1,,,,,6.140520798445814,6.15894236084115,,,,,,,-1.9377864522682915,-14.672747287612534,b04a581003bc__routine-2026-04-08.xlsx,,,,,,,,,,,,,,
,,,,,Unknown,,,,,Cycle 2,,,,,6.124324992674572,6.142697967652595,,,,,,,-1.9376102869707,-14.633711270051894,b04a581003bc__routine-2026-04-08.xlsx,,,,,,,,,,,,,,
,,,,,Unknown,,,,,Cycle 3,,,,,6.132018800500799,6.1504148569023,,,,,,,-1.9184286167735225,-14.607555743530806,b04a581003bc__routine-2026-04-08.xlsx,,,,,,,,,,,,,,
,,,,,Unknown,,,,,Cycle 4,,,,,6.131372546953064,6.149766664593923,,,,,,,-1.9012057267972744,-14.661559966923122,b04a581003bc__routine-2026-04-08.xlsx,,,,,,,,,,,,,,
,,,,,Unknown,,,,,Cycle 5,,,,,6.130329810164342,6.148720799594835,,,,,,,-1.9225353076854943,-14.68071403636013,b04a581003bc__routine-2026-04-08.xlsx,,,,,,,,,,,,,,
,,,,,Unknown,,,,,Cycle 6,,,,,6.124489415319976,6.142862883565935,,,,,,,-1.9294004926600656,-14.649283541252723,b04a581003bc__routine-2026-04-08.xlsx,,,,,,,,,,,,,,
,,,,,Unknown,,,,,Cycle 7,,,,,6.138277530341087,6.15669236293211,,,,,,,-1.9199483958242065,-14.661787840020745,b04a581003bc__routine-2026-04-08.xlsx,,,,,,,,,,,,,,
,,,,,Unknown,,,,,Cycle 8,,,,,,6.157669206117233,,,,,,,,,b04a581003bc__routine-2026-04-08.xlsx,,,,,,,,,,,,,,
10.0,DEMO scientist,2026-04-08 09:48:00,2026-04-08 09:59:00,Completed,DEMO-01-01-10,MASS=106.0 ug; REP=10; MOCK_METROLOGY,True,Unknown,NBS19,Pre,-1.2175028135942565,-12.64241340641751,0.012,0.024,6.336544256985006,6.35555388975596,106.0,6.346857430062783,6.344628479650952,False,3.816,Qtegra instrumental linearity enabled; residual application correction is separate,-1.2188765815423357,-12.632113994763625,b04a581003bc__routine-2026-04-08.xlsx,2026-04-08 09:48:00,739714.0,3.816,6.344628479650952,,DEMO-01-01-10,MASS=106.0 ug; REP=10; MOCK_METROLOGY,DEMO-01-01-10,MASS=106.0 ug; REP=10; MOCK_METROLOGY,,,,,
,,,,,Unknown,,,,,Cycle 1,,,,,6.34801213141382,6.367056167808061,,,,,,,-1.2161431478295284,-12.66238579997404,b04a581003bc__routine-2026-04-08.xlsx,,,,,,,,,,,,,,
,,,,,Unknown,,,,,Cycle 2,,,,,6.345589867859591,6.364626637463169,,,,,,,-1.206347119140878,-12.598787844340348,b04a581003bc__routine-2026-04-08.xlsx,,,,,,,,,,,,,,
,,,,,Unknown,,,,,Cycle 3,,,,,6.344928854095474,6.36396364065776,,,,,,,-1.230758986609258,-12.669219453330347,b04a581003bc__routine-2026-04-08.xlsx,,,,,,,,,,,,,,
,,,,,Unknown,,,,,Cycle 4,,,,,6.35321789816411,6.372277551858602,,,,,,,-1.20863118965771,-12.643838316760537,b04a581003bc__routine-2026-04-08.xlsx,,,,,,,,,,,,,,
,,,,,Unknown,,,,,Cycle 5,,,,,6.359164258648504,6.378241751424449,,,,,,,-1.2030762754213091,-12.620955859643534,b04a581003bc__routine-2026-04-08.xlsx,,,,,,,,,,,,,,
,,,,,Unknown,,,,,Cycle 6,,,,,6.348421260171018,6.3674665239515305,,,,,,,-1.2379151351748854,-12.649942402103871,b04a581003bc__routine-2026-04-08.xlsx,,,,,,,,,,,,,,
,,,,,Unknown,,,,,Cycle 7,,,,,6.33898091316474,6.357997855904233,,,,,,,-1.2182740733781472,-12.662063580423789,b04a581003bc__routine-2026-04-08.xlsx,,,,,,,,,,,,,,
,,,,,Unknown,,,,,Cycle 8,,,,,,6.3722448597830335,,,,,,,,,b04a581003bc__routine-2026-04-08.xlsx,,,,,,,,,,,,,,
11.0,DEMO scientist,2026-04-08 10:00:00,2026-04-08 10:11:00,Completed,SHP2L,MASS=100.0 ug; REP=11; MOCK_METROLOGY,True,QC Standard,SHP2L,Pre,-0.6666058927841565,-5.920726487973594,0.012,0.024,6.015697396846756,6.033744489037296,100.0,6.021567468427052,6.02158309936902,False,3.6,Qtegra instrumental linearity enabled; residual application correction is separate,-0.6486560696804619,-5.926198964576883,b04a581003bc__routine-2026-04-08.xlsx,2026-04-08 10:00:00,739714.0,3.6,6.02158309936902,,SHP2L,MASS=100.0 ug; REP=11; MOCK_METROLOGY,SHP2L,MASS=100.0 ug; REP=11; MOCK_METROLOGY,,,,,
,,,,,Unknown,,,,,Cycle 1,,,,,6.01572316543821,6.033770334934524,,,,,,,-0.672972298093403,-5.888580145252305,b04a581003bc__routine-2026-04-08.xlsx,,,,,,,,,,,,,,
,,,,,Unknown,,,,,Cycle 2,,,,,6.031333127186425,6.049427126567983,,,,,,,-0.6528128891185266,-5.93156241700143,b04a581003bc__routine-2026-04-08.xlsx,,,,,,,,,,,,,,
,,,,,Unknown,,,,,Cycle 3,,,,,6.013676914675808,6.031717945419835,,,,,,,-0.6697905808417441,-5.894299072034941,b04a581003bc__routine-2026-04-08.xlsx,,,,,,,,,,,,,,
,,,,,Unknown,,,,,Cycle 4,,,,,6.024582792364311,6.042656540741403,,,,,,,-0.6616831129987304,-5.927918931849469,b04a581003bc__routine-2026-04-08.xlsx,,,,,,,,,,,,,,
,,,,,Unknown,,,,,Cycle 5,,,,,6.031034942550432,6.049128047378082,,,,,,,-0.6663709024983865,-5.903052551633097,b04a581003bc__routine-2026-04-08.xlsx,,,,,,,,,,,,,,
,,,,,Unknown,,,,,Cycle 6,,,,,6.027206982211044,6.045288603157676,,,,,,,-0.685107491030961,-5.961199996694363,b04a581003bc__routine-2026-04-08.xlsx,,,,,,,,,,,,,,
,,,,,Unknown,,,,,Cycle 7,,,,,6.013284426143437,6.031324279421867,,,,,,,-0.6754537980110384,-5.932999824746264,b04a581003bc__routine-2026-04-08.xlsx,,,,,,,,,,,,,,
,,,,,Unknown,,,,,Cycle 8,,,,,,6.04565373830076,,,,,,,,,b04a581003bc__routine-2026-04-08.xlsx,,,,,,,,,,,,,,
12.0,DEMO scientist,2026-04-08 10:12:00,2026-04-08 10:23:00,Completed,DEMO-01-01-12,MASS=98.0 ug; REP=12; MOCK_METROLOGY,True,Unknown,NBS19,Pre,0.2100995458274917,-8.667338332358979,0.012,0.024,5.881992096157792,5.899638072446265,98.0,5.875102423955468,5.879100169425534,False,3.528,Qtegra instrumental linearity enabled; residual application correction is separate,0.1885589778158903,-8.667364266048187,b04a581003bc__routine-2026-04-08.xlsx,2026-04-08 10:12:00,739714.0,3.528,5.879100169425534,,DEMO-01-01-12,MASS=98.0 ug; REP=12; MOCK_METROLOGY,DEMO-01-01-12,MASS=98.0 ug; REP=12; MOCK_METROLOGY,,,,,
,,,,,Unknown,,,,,Cycle 1,,,,,5.875650735013691,5.893277687218731,,,,,,,0.2211472853991461,-8.698482703959968,b04a581003bc__routine-2026-04-08.xlsx,,,,,,,,,,,,,,
,,,,,Unknown,,,,,Cycle 2,,,,,5.877534452099891,5.89516705545619,,,,,,,0.2073038673564363,-8.657682971321394,b04a581003bc__routine-2026-04-08.xlsx,,,,,,,,,,,,,,
,,,,,Unknown,,,,,Cycle 3,,,,,5.863549649027101,5.881140297974182,,,,,,,0.2152408170525711,-8.65419270077375,b04a581003bc__routine-2026-04-08.xlsx,,,,,,,,,,,,,,
,,,,,Unknown,,,,,Cycle 4,,,,,5.880689713152832,5.89833178229229,,,,,,,0.2069628602585497,-8.68440900582815,b04a581003bc__routine-2026-04-08.xlsx,,,,,,,,,,,,,,
,,,,,Unknown,,,,,Cycle 5,,,,,5.869657291551734,5.887266263426389,,,,,,,0.2225586528690994,-8.694046248653885,b04a581003bc__routine-2026-04-08.xlsx,,,,,,,,,,,,,,
,,,,,Unknown,,,,,Cycle 6,,,,,5.883515102896553,5.901165648205241,,,,,,,0.1989776229430438,-8.655954024926796,b04a581003bc__routine-2026-04-08.xlsx,,,,,,,,,,,,,,
,,,,,Unknown,,,,,Cycle 7,,,,,5.868230351744151,5.885835042799383,,,,,,,0.220046282925197,-8.626574737359698,b04a581003bc__routine-2026-04-08.xlsx,,,,,,,,,,,,,,
,,,,,Unknown,,,,,Cycle 8,,,,,,5.89860283365129,,,,,,,,,b04a581003bc__routine-2026-04-08.xlsx,,,,,,,,,,,,,,
13.0,DEMO scientist,2026-04-08 10:24:00,2026-04-08 10:35:00,Completed,DEMO-01-01-13,MASS=102.0 ug; REP=13; MOCK_METROLOGY,True,Unknown,NBS19,Pre,0.9413615027271988,-6.665521159788442,0.012,0.024,6.097599824096667,6.115892623568956,102.0,6.104288177544446,6.104206389825919,False,3.672,Qtegra instrumental linearity enabled; residual application correction is separate,0.9532074099659218,-6.692448393574,b04a581003bc__routine-2026-04-08.xlsx,2026-04-08 10:24:00,739714.0,3.672,6.104206389825919,,DEMO-01-01-13,MASS=102.0 ug; REP=13; MOCK_METROLOGY,DEMO-01-01-13,MASS=102.0 ug; REP=13; MOCK_METROLOGY,,,,,
,,,,,Unknown,,,,,Cycle 1,,,,,6.1014454932548885,6.119749829734652,,,,,,,0.9312175445503104,-6.6938213527275,b04a581003bc__routine-2026-04-08.xlsx,,,,,,,,,,,,,,
,,,,,Unknown,,,,,Cycle 2,,,,,6.091106681046633,6.1093800010897725,,,,,,,0.9476297058779538,-6.643285964525935,b04a581003bc__routine-2026-04-08.xlsx,,,,,,,,,,,,,,
,,,,,Unknown,,,,,Cycle 3,,,,,6.107227082666608,6.125548763914607,,,,,,,0.9371774451480076,-6.690415288660987,b04a581003bc__routine-2026-04-08.xlsx,,,,,,,,,,,,,,
,,,,,Unknown,,,,,Cycle 4,,,,,6.106968300241896,6.125289205142621,,,,,,,0.9358941820465831,-6.63970556890608,b04a581003bc__routine-2026-04-08.xlsx,,,,,,,,,,,,,,
,,,,,Unknown,,,,,Cycle 5,,,,,6.109189424165979,6.127516992438477,,,,,,,0.944597896117445,-6.641724116534067,b04a581003bc__routine-2026-04-08.xlsx,,,,,,,,,,,,,,
,,,,,Unknown,,,,,Cycle 6,,,,,6.109580702308873,6.127909444415798,,,,,,,0.9588377238001534,-6.669287787270552,b04a581003bc__routine-2026-04-08.xlsx,,,,,,,,,,,,,,
,,,,,Unknown,,,,,Cycle 7,,,,,6.111187912574029,6.129521476311751,,,,,,,0.9223301143112138,-6.653480806108415,b04a581003bc__routine-2026-04-08.xlsx,,,,,,,,,,,,,,
,,,,,Unknown,,,,,Cycle 8,,,,,,6.128705330254624,,,,,,,,,b04a581003bc__routine-2026-04-08.xlsx,,,,,,,,,,,,,,
14.0,DEMO scientist,2026-04-08 10:36:00,2026-04-08 10:47:00,Completed,DEMO-01-01-14,MASS=106.0 ug; REP=14; MOCK_METROLOGY,True,Unknown,NBS19,Pre,-3.386772405819872,-18.62115282029488,0.012,0.024,6.365643490394993,6.384740420866177,106.0,6.36499118483462,6.365716666134352,False,3.816,Qtegra instrumental linearity enabled; residual application correction is separate,-3.375461226810075,-18.576362584970685,b04a581003bc__routine-2026-04-08.xlsx,2026-04-08 10:36:00,739714.0,3.816,6.365716666134352,,DEMO-01-01-14,MASS=106.0 ug; REP=14; MOCK_METROLOGY,DEMO-01-01-14,MASS=106.0 ug; REP=14; MOCK_METROLOGY,,,,,
,,,,,Unknown,,,,,Cycle 1,,,,,6.372155235282151,6.391271700987997,,,,,,,-3.391796680932812,-18.62674981098263,b04a581003bc__routine-2026-04-08.xlsx,,,,,,,,,,,,,,
,,,,,Unknown,,,,,Cycle 2,,,,,6.366338973985738,6.385437990907695,,,,,,,-3.389449402879888,-18.609866450948147,b04a581003bc__routine-2026-04-08.xlsx,,,,,,,,,,,,,,
,,,,,Unknown,,,,,Cycle 3,,,,,6.368506993534103,6.3876125145147045,,,,,,,-3.374771894474884,-18.64960543164353,b04a581003bc__routine-2026-04-08.xlsx,,,,,,,,,,,,,,
,,,,,Unknown,,,,,Cycle 4,,,,,6.354540966449938,6.373604589349287,,,,,,,-3.3869806423641875,-18.603421333877357,b04a581003bc__routine-2026-04-08.xlsx,,,,,,,,,,,,,,
,,,,,Unknown,,,,,Cycle 5,,,,,6.355991803848726,6.375059779260272,,,,,,,-3.3725183781438512,-18.640751286022688,b04a581003bc__routine-2026-04-08.xlsx,,,,,,,,,,,,,,
,,,,,Unknown,,,,,Cycle 6,,,,,6.366308608353183,6.385407534178242,,,,,,,-3.4071081987542264,-18.64006053124901,b04a581003bc__routine-2026-04-08.xlsx,,,,,,,,,,,,,,
,,,,,Unknown,,,,,Cycle 7,,,,,6.370443406828136,6.389554737048619,,,,,,,-3.396092822199049,-18.62240513266498,b04a581003bc__routine-2026-04-08.xlsx,,,,,,,,,,,,,,
,,,,,Unknown,,,,,Cycle 8,,,,,,6.390451149573959,,,,,,,,,b04a581003bc__routine-2026-04-08.xlsx,,,,,,,,,,,,,,
15.0,DEMO scientist,2026-04-08 10:48:00,2026-04-08 10:59:00,Completed,DEMO-01-01-15,MASS=110.0 ug; REP=15; MOCK_METROLOGY,True,Unknown,NBS19,Pre,-2.667324461068007,-16.632926128438196,0.012,0.024,6.602139222786397,6.621945640454755,110.0,6.593203513011795,6.592143691675355,False,3.96,Qtegra instrumental linearity enabled; residual application correction is separate,-2.672296464487721,-16.64373412557068,b04a581003bc__routine-2026-04-08.xlsx,2026-04-08 10:48:00,739714.0,3.96,6.592143691675355,,DEMO-01-01-15,MASS=110.0 ug; REP=15; MOCK_METROLOGY,DEMO-01-01-15,MASS=110.0 ug; REP=15; MOCK_METROLOGY,,,,,
,,,,,Unknown,,,,,Cycle 1,,,,,6.60117333532809,6.6209768553340735,,,,,,,-2.659539635093377,-16.62756607336995,b04a581003bc__routine-2026-04-08.xlsx,,,,,,,,,,,,,,
,,,,,Unknown,,,,,Cycle 2,,,,,6.593162344122127,6.612941831154492,,,,,,,-2.6799728027670677,-16.607775679058378,b04a581003bc__routine-2026-04-08.xlsx,,,,,,,,,,,,,,
,,,,,Unknown,,,,,Cycle 3,,,,,6.586406766283807,6.606165986582658,,,,,,,-2.685982776441508,-16.682048507159184,b04a581003bc__routine-2026-04-08.xlsx,,,,,,,,,,,,,,
,,,,,Unknown,,,,,Cycle 4,,,,,6.593862235404959,6.6136438221111735,,,,,,,-2.6638890820691,-16.604781936901507,b04a581003bc__routine-2026-04-08.xlsx,,,,,,,,,,,,,,
,,,,,Unknown,,,,,Cycle 5,,,,,6.593909645608621,6.6136913745454455,,,,,,,-2.670284297795745,-16.6372691067261,b04a581003bc__routine-2026-04-08.xlsx,,,,,,,,,,,,,,
,,,,,Unknown,,,,,Cycle 6,,,,,6.5839510837319,6.603702936983096,,,,,,,-2.65417774572473,-16.632777830647843,b04a581003bc__routine-2026-04-08.xlsx,,,,,,,,,,,,,,
,,,,,Unknown,,,,,Cycle 7,,,,,6.59102347082846,6.610796541240944,,,,,,,-2.6524528841648087,-16.627455768071925,b04a581003bc__routine-2026-04-08.xlsx,,,,,,,,,,,,,,
,,,,,Unknown,,,,,Cycle 8,,,,,,6.619576327063842,,,,,,,,,b04a581003bc__routine-2026-04-08.xlsx,,,,,,,,,,,,,,
16.0,DEMO scientist,2026-04-08 11:00:00,2026-04-08 11:11:00,Completed,SHP2L,MASS=100.0 ug; REP=16; MOCK_METROLOGY,True,QC Standard,SHP2L,Pre,-0.609318667559898,-5.836647779266497,0.012,0.024,5.987746404311864,6.005709643524798,100.0,5.98681471556688,5.987373868514893,False,3.6,Qtegra instrumental linearity enabled; residual application correction is separate,-0.6106314394697514,-5.840859847338995,b04a581003bc__routine-2026-04-08.xlsx,2026-04-08 11:00:00,739714.0,3.6,5.987373868514893,,SHP2L,MASS=100.0 ug; REP=16; MOCK_METROLOGY,SHP2L,MASS=100.0 ug; REP=16; MOCK_METROLOGY,,,,,
,,,,,Unknown,,,,,Cycle 1,,,,,5.9863956868642685,6.004354873924861,,,,,,,-0.5894243208242191,-5.829030115384735,b04a581003bc__routine-2026-04-08.xlsx,,,,,,,,,,,,,,
,,,,,Unknown,,,,,Cycle 2,,,,,5.975742588575957,5.993669816341685,,,,,,,-0.6229265530142615,-5.853572410817868,b04a581003bc__routine-2026-04-08.xlsx,,,,,,,,,,,,,,
,,,,,Unknown,,,,,Cycle 3,,,,,5.986825730073719,6.00478620726394,,,,,,,-0.6114922782582932,-5.836939001106936,b04a581003bc__routine-2026-04-08.xlsx,,,,,,,,,,,,,,
,,,,,Unknown,,,,,Cycle 4,,,,,5.991396172717142,6.009370361235293,,,,,,,-0.6000574013426512,-5.78657044094207,b04a581003bc__routine-2026-04-08.xlsx,,,,,,,,,,,,,,
,,,,,Unknown,,,,,Cycle 5,,,,,5.9841467506662,6.002099190918198,,,,,,,-0.6218887442860054,-5.858347515216579,b04a581003bc__routine-2026-04-08.xlsx,,,,,,,,,,,,,,
,,,,,Unknown,,,,,Cycle 6,,,,,5.98761332510141,6.005576165076714,,,,,,,-0.5996652276722235,-5.861033784765267,b04a581003bc__routine-2026-04-08.xlsx,,,,,,,,,,,,,,
,,,,,Unknown,,,,,Cycle 7,,,,,5.994651066224476,6.012635019423149,,,,,,,-0.6184633756117792,-5.826829118559523,b04a581003bc__routine-2026-04-08.xlsx,,,,,,,,,,,,,,
,,,,,Unknown,,,,,Cycle 8,,,,,,6.010761974429148,,,,,,,,,b04a581003bc__routine-2026-04-08.xlsx,,,,,,,,,,,,,,
17.0,DEMO scientist,2026-04-08 11:12:00,2026-04-08 11:23:00,Completed,DEMO-01-01-17,MASS=102.0 ug; REP=17; MOCK_METROLOGY,True,Unknown,NBS19,Pre,-1.228643021456443,-12.647096097630818,0.012,0.024,6.129757576875025,6.1481468496056495,102.0,6.127281018405563,6.125254803277314,False,3.672,Qtegra instrumental linearity enabled; residual application correction is separate,-1.2130093034234082,-12.62688092711728,b04a581003bc__routine-2026-04-08.xlsx,2026-04-08 11:12:00,739714.0,3.672,6.125254803277314,,DEMO-01-01-17,MASS=102.0 ug; REP=17; MOCK_METROLOGY,DEMO-01-01-17,MASS=102.0 ug; REP=17; MOCK_METROLOGY,,,,,
,,,,,Unknown,,,,,Cycle 1,,,,,6.124504220430207,6.142877733091497,,,,,,,-1.2244610499190616,-12.642817431034985,b04a581003bc__routine-2026-04-08.xlsx,,,,,,,,,,,,,,
,,,,,Unknown,,,,,Cycle 2,,,,,6.123419177144384,6.141789434675816,,,,,,,-1.219331607971056,-12.646636289494976,b04a581003bc__routine-2026-04-08.xlsx,,,,,,,,,,,,,,
,,,,,Unknown,,,,,Cycle 3,,,,,6.127735159115187,6.146118364592532,,,,,,,-1.2363528123592165,-12.617351777401293,b04a581003bc__routine-2026-04-08.xlsx,,,,,,,,,,,,,,
,,,,,Unknown,,,,,Cycle 4,,,,,6.125299374413159,6.143675272536398,,,,,,,-1.2268102367344853,-12.65879477778202,b04a581003bc__routine-2026-04-08.xlsx,,,,,,,,,,,,,,
,,,,,Unknown,,,,,Cycle 5,,,,,6.1208958965558296,6.139258584245496,,,,,,,-1.2213539717283577,-12.645219894739435,b04a581003bc__routine-2026-04-08.xlsx,,,,,,,,,,,,,,
,,,,,Unknown,,,,,Cycle 6,,,,,6.133266507344848,6.151666306866882,,,,,,,-1.2501232949707668,-12.69757684361039,b04a581003bc__routine-2026-04-08.xlsx,,,,,,,,,,,,,,
,,,,,Unknown,,,,,Cycle 7,,,,,6.133370235365869,6.151770346071967,,,,,,,-1.2377018945451916,-12.641490839866169,b04a581003bc__routine-2026-04-08.xlsx,,,,,,,,,,,,,,
,,,,,Unknown,,,,,Cycle 8,,,,,,6.151790142479186,,,,,,,,,b04a581003bc__routine-2026-04-08.xlsx,,,,,,,,,,,,,,
18.0,DEMO scientist,2026-04-08 11:24:00,2026-04-08 11:35:00,Completed,DEMO-01-01-18,MASS=106.0 ug; REP=18; MOCK_METROLOGY,True,Unknown,NBS19,Pre,-0.4912342486536568,-10.656844941110478,0.012,0.024,6.357848806652982,6.37692235307294,106.0,6.367279405016217,6.363209539612899,False,3.816,Qtegra instrumental linearity enabled; residual application correction is separate,-0.4992678506238204,-10.679281420038016,b04a581003bc__routine-2026-04-08.xlsx,2026-04-08 11:24:00,739714.0,3.816,6.363209539612899,,DEMO-01-01-18,MASS=106.0 ug; REP=18; MOCK_METROLOGY,DEMO-01-01-18,MASS=106.0 ug; REP=18; MOCK_METROLOGY,,,,,
,,,,,Unknown,,,,,Cycle 1,,,,,6.364388525174216,6.383481690749738,,,,,,,-0.4839461199672989,-10.660292443468336,b04a581003bc__routine-2026-04-08.xlsx,,,,,,,,,,,,,,
,,,,,Unknown,,,,,Cycle 2,,,,,6.35658265135029,6.37565239930434,,,,,,,-0.4894519393044436,-10.616452863454862,b04a581003bc__routine-2026-04-08.xlsx,,,,,,,,,,,,,,
,,,,,Unknown,,,,,Cycle 3,,,,,6.379205214521209,6.398342830164771,,,,,,,-0.511570217842081,-10.685694439666738,b04a581003bc__routine-2026-04-08.xlsx,,,,,,,,,,,,,,
,,,,,Unknown,,,,,Cycle 4,,,,,6.382366150126527,6.401513248576905,,,,,,,-0.4717141407655452,-10.67954311100473,b04a581003bc__routine-2026-04-08.xlsx,,,,,,,,,,,,,,
,,,,,Unknown,,,,,Cycle 5,,,,,6.369148002910186,6.388255446918916,,,,,,,-0.492216837975929,-10.64561456075644,b04a581003bc__routine-2026-04-08.xlsx,,,,,,,,,,,,,,
,,,,,Unknown,,,,,Cycle 6,,,,,6.36419256021009,6.383285137890719,,,,,,,-0.4840959999923913,-10.650206128850217,b04a581003bc__routine-2026-04-08.xlsx,,,,,,,,,,,,,,
,,,,,Unknown,,,,,Cycle 7,,,,,6.364503329184232,6.383596839171784,,,,,,,-0.4976108827577451,-10.637674561644484,b04a581003bc__routine-2026-04-08.xlsx,,,,,,,,,,,,,,
,,,,,Unknown,,,,,Cycle 8,,,,,,6.392748522636282,,,,,,,,,b04a581003bc__routine-2026-04-08.xlsx,,,,,,,,,,,,,,
19.0,DEMO scientist,2026-04-08 11:36:00,2026-04-08 11:47:00,Completed,DEMO-01-01-19,MASS=110.0 ug; REP=19; MOCK_METROLOGY,True,Unknown,NBS19,Pre,0.2174526913095817,-8.672419514568691,0.012,0.024,6.588605137431679,6.608370952843973,110.0,6.586320226932602,6.59157660626203,False,3.96,Qtegra instrumental linearity enabled; residual application correction is separate,0.2290740349830054,-8.716627169441882,b04a581003bc__routine-2026-04-08.xlsx,2026-04-08 11:36:00,739714.0,3.96,6.59157660626203,,DEMO-01-01-19,MASS=110.0 ug; REP=19; MOCK_METROLOGY,DEMO-01-01-19,MASS=110.0 ug; REP=19; MOCK_METROLOGY,,,,,
,,,,,Unknown,,,,,Cycle 1,,,,,6.600652699703111,6.620454657802219,,,,,,,0.2102443140445463,-8.688570165134294,b04a581003bc__routine-2026-04-08.xlsx,,,,,,,,,,,,,,
,,,,,Unknown,,,,,Cycle 2,,,,,6.587177064619815,6.6069385958136735,,,,,,,0.2287655214014088,-8.6738444075341,b04a581003bc__routine-2026-04-08.xlsx,,,,,,,,,,,,,,
,,,,,Unknown,,,,,Cycle 3,,,,,6.589670375528189,6.609439386654773,,,,,,,0.1971134648714416,-8.649729533229038,b04a581003bc__routine-2026-04-08.xlsx,,,,,,,,,,,,,,
,,,,,Unknown,,,,,Cycle 4,,,,,6.5878761923799205,6.60763982095706,,,,,,,0.2306958280014609,-8.640206875261475,b04a581003bc__routine-2026-04-08.xlsx,,,,,,,,,,,,,,
,,,,,Unknown,,,,,Cycle 5,,,,,6.579783825070455,6.599523176545665,,,,,,,0.2140273369800555,-8.67851493310794,b04a581003bc__routine-2026-04-08.xlsx,,,,,,,,,,,,,,
,,,,,Unknown,,,,,Cycle 6,,,,,6.57789618873387,6.597629877300071,,,,,,,0.2085790301121673,-8.674327279206299,b04a581003bc__routine-2026-04-08.xlsx,,,,,,,,,,,,,,
,,,,,Unknown,,,,,Cycle 7,,,,,6.578900331993776,6.598637032989756,,,,,,,0.2211220000825677,-8.657535753634502,b04a581003bc__routine-2026-04-08.xlsx,,,,,,,,,,,,,,
,,,,,Unknown,,,,,Cycle 8,,,,,,6.612665507840332,,,,,,,,,b04a581003bc__routine-2026-04-08.xlsx,,,,,,,,,,,,,,
20.0,DEMO scientist,2026-04-08 11:48:00,2026-04-08 11:59:00,Completed,DEMO-01-01-20,MASS=90.0 ug; REP=20; MOCK_METROLOGY,True,Unknown,NBS19,Pre,0.9337472656816092,-6.667803412638406,0.012,0.024,5.376875931012894,5.393006558805933,90.0,5.383453552808258,5.384876430043706,False,3.24,Qtegra instrumental linearity enabled; residual application correction is separate,0.9383638318090488,-6.665357683353705,b04a581003bc__routine-2026-04-08.xlsx,2026-04-08 11:48:00,739714.0,3.24,5.384876430043706,,DEMO-01-01-20,MASS=90.0 ug; REP=20; MOCK_METROLOGY,DEMO-01-01-20,MASS=90.0 ug; REP=20; MOCK_METROLOGY,,,,,
,,,,,Unknown,,,,,Cycle 1,,,,,5.393504824078878,5.409685338551114,,,,,,,0.9342954534514878,-6.667709669292342,b04a581003bc__routine-2026-04-08.xlsx,,,,,,,,,,,,,,
,,,,,Unknown,,,,,Cycle 2,,,,,5.366089016944825,5.382187283995659,,,,,,,0.947411222807414,-6.64317272451942,b04a581003bc__routine-2026-04-08.xlsx,,,,,,,,,,,,,,
,,,,,Unknown,,,,,Cycle 3,,,,,5.3826218221442605,5.3987696876106925,,,,,,,0.9372838447725804,-6.653410782595471,b04a581003bc__routine-2026-04-08.xlsx,,,,,,,,,,,,,,
,,,,,Unknown,,,,,Cycle 4,,,,,5.386681923847046,5.402841969618587,,,,,,,0.92307439383654,-6.640614931900558,b04a581003bc__routine-2026-04-08.xlsx,,,,,,,,,,,,,,
,,,,,Unknown,,,,,Cycle 5,,,,,5.389830692189142,5.406000184265709,,,,,,,0.912784038647079,-6.714926443251758,b04a581003bc__routine-2026-04-08.xlsx,,,,,,,,,,,,,,
,,,,,Unknown,,,,,Cycle 6,,,,,5.388755442050228,5.404921708376378,,,,,,,0.9481508495941308,-6.675575566456949,b04a581003bc__routine-2026-04-08.xlsx,,,,,,,,,,,,,,
,,,,,Unknown,,,,,Cycle 7,,,,,5.383268770198789,5.399418576509385,,,,,,,0.9286144905345932,-6.681659499737047,b04a581003bc__routine-2026-04-08.xlsx,,,,,,,,,,,,,,
,,,,,Unknown,,,,,Cycle 8,,,,,,5.404987367019492,,,,,,,,,b04a581003bc__routine-2026-04-08.xlsx,,,,,,,,,,,,,,
21.0,DEMO scientist,2026-04-08 12:00:00,2026-04-08 12:11:00,Completed,SHP2L,MASS=100.0 ug; REP=21; MOCK_METROLOGY,True,QC Standard,SHP2L,Pre,-0.6636850442453703,-5.916491740408951,0.012,0.024,5.987068590564498,6.00502979633619,100.0,5.990550639403288,5.9887146364591,False,3.6,Qtegra instrumental linearity enabled; residual application correction is separate,-0.6648573727725836,-5.961842247284442,b04a581003bc__routine-2026-04-08.xlsx,2026-04-08 12:00:00,739714.0,3.6,5.9887146364591,,SHP2L,MASS=100.0 ug; REP=21; MOCK_METROLOGY,SHP2L,MASS=100.0 ug; REP=21; MOCK_METROLOGY,,,,,
,,,,,Unknown,,,,,Cycle 1,,,,,5.99448192160592,6.012465367370737,,,,,,,-0.6645824378006183,-5.902482511199063,b04a581003bc__routine-2026-04-08.xlsx,,,,,,,,,,,,,,
,,,,,Unknown,,,,,Cycle 2,,,,,5.987665184329633,6.005628179882621,,,,,,,-0.6632205873315129,-5.940916739672371,b04a581003bc__routine-2026-04-08.xlsx,,,,,,,,,,,,,,
,,,,,Unknown,,,,,Cycle 3,,,,,5.990675831456919,6.008647858951289,,,,,,,-0.6835058864341153,-5.915438776057338,b04a581003bc__routine-2026-04-08.xlsx,,,,,,,,,,,,,,
,,,,,Unknown,,,,,Cycle 4,,,,,5.987025454189962,6.004986530552531,,,,,,,-0.6680469135865161,-5.906243042629876,b04a581003bc__routine-2026-04-08.xlsx,,,,,,,,,,,,,,
,,,,,Unknown,,,,,Cycle 5,,,,,5.987801158610495,6.005764562086325,,,,,,,-0.6398758098821135,-5.903679583445512,b04a581003bc__routine-2026-04-08.xlsx,,,,,,,,,,,,,,
,,,,,Unknown,,,,,Cycle 6,,,,,5.988568954383257,6.006534661246405,,,,,,,-0.6591689487046983,-5.886325750607522,b04a581003bc__routine-2026-04-08.xlsx,,,,,,,,,,,,,,
,,,,,Unknown,,,,,Cycle 7,,,,,6.001118020085629,6.019121374145885,,,,,,,-0.6662223974508047,-5.915005272375484,b04a581003bc__routine-2026-04-08.xlsx,,,,,,,,,,,,,,
,,,,,Unknown,,,,,Cycle 8,,,,,,6.014512841960902,,,,,,,,,b04a581003bc__routine-2026-04-08.xlsx,,,,,,,,,,,,,,
22.0,DEMO scientist,2026-04-08 12:12:00,2026-04-08 12:23:00,Completed,DEMO-01-01-22,MASS=106.0 ug; REP=22; MOCK_METROLOGY,True,Unknown,NBS19,Pre,-2.666366331828458,-16.64113181597953,0.012,0.024,6.353011241164114,6.372070274887606,106.0,6.356646429856404,6.357135152003017,False,3.816,Qtegra instrumental linearity enabled; residual application correction is separate,-2.681458235593425,-16.665122018706786,b04a581003bc__routine-2026-04-08.xlsx,2026-04-08 12:12:00,739714.0,3.816,6.357135152003017,,DEMO-01-01-22,MASS=106.0 ug; REP=22; MOCK_METROLOGY,DEMO-01-01-22,MASS=106.0 ug; REP=22; MOCK_METROLOGY,,,,,
,,,,,Unknown,,,,,Cycle 1,,,,,6.356756639757892,6.375826909677165,,,,,,,-2.672546091032857,-16.63868521435858,b04a581003bc__routine-2026-04-08.xlsx,,,,,,,,,,,,,,
,,,,,Unknown,,,,,Cycle 2,,,,,6.354447096468975,6.373510437758381,,,,,,,-2.6471113569275104,-16.678118675798,b04a581003bc__routine-2026-04-08.xlsx,,,,,,,,,,,,,,
,,,,,Unknown,,,,,Cycle 3,,,,,6.352947149352763,6.372005990800821,,,,,,,-2.6733056915798548,-16.644194376361074,b04a581003bc__routine-2026-04-08.xlsx,,,,,,,,,,,,,,
,,,,,Unknown,,,,,Cycle 4,,,,,6.355862364644776,6.37492995173871,,,,,,,-2.6582831329148733,-16.600412552468498,b04a581003bc__routine-2026-04-08.xlsx,,,,,,,,,,,,,,
,,,,,Unknown,,,,,Cycle 5,,,,,6.357202155387088,6.376273761853248,,,,,,,-2.67834660833817,-16.627756433858735,b04a581003bc__routine-2026-04-08.xlsx,,,,,,,,,,,,,,
,,,,,Unknown,,,,,Cycle 6,,,,,6.358646063655161,6.377722001846126,,,,,,,-2.663919071717959,-16.627184462825532,b04a581003bc__routine-2026-04-08.xlsx,,,,,,,,,,,,,,
,,,,,Unknown,,,,,Cycle 7,,,,,6.364298728420461,6.383391624605721,,,,,,,-2.655960466523015,-16.647580793459042,b04a581003bc__routine-2026-04-08.xlsx,,,,,,,,,,,,,,
,,,,,Unknown,,,,,Cycle 8,,,,,,6.38207301557583,,,,,,,,,b04a581003bc__routine-2026-04-08.xlsx,,,,,,,,,,,,,,
23.0,DEMO scientist,2026-04-08 12:24:00,2026-04-08 12:35:00,Completed,DEMO-01-01-23,MASS=110.0 ug; REP=23; MOCK_METROLOGY,True,Unknown,NBS19,Pre,-1.9176538071378693,-14.61893545506431,0.012,0.024,6.592442443881697,6.612219771213341,110.0,6.596855831922623,6.594710172044257,False,3.96,Qtegra instrumental linearity enabled; residual application correction is separate,-1.9355746853138027,-14.579460648837095,b04a581003bc__routine-2026-04-08.xlsx,2026-04-08 12:24:00,739714.0,3.96,6.594710172044257,,DEMO-01-01-23,MASS=110.0 ug; REP=23; MOCK_METROLOGY,DEMO-01-01-23,MASS=110.0 ug; REP=23; MOCK_METROLOGY,,,,,
,,,,,Unknown,,,,,Cycle 1,,,,,6.603193394001195,6.623002974183199,,,,,,,-1.9079352120044888,-14.619487366534798,b04a581003bc__routine-2026-04-08.xlsx,,,,,,,,,,,,,,
,,,,,Unknown,,,,,Cycle 2,,,,,6.605493089173502,6.625309568441022,,,,,,,-1.921409876673686,-14.62360488544213,b04a581003bc__routine-2026-04-08.xlsx,,,,,,,,,,,,,,
,,,,,Unknown,,,,,Cycle 3,,,,,6.590102125137654,6.609872431513066,,,,,,,-1.906774564129433,-14.58836349087237,b04a581003bc__routine-2026-04-08.xlsx,,,,,,,,,,,,,,
,,,,,Unknown,,,,,Cycle 4,,,,,6.581777850278492,6.601523183829326,,,,,,,-1.9017764572181608,-14.637299886551816,b04a581003bc__routine-2026-04-08.xlsx,,,,,,,,,,,,,,
,,,,,Unknown,,,,,Cycle 5,,,,,6.597883468895566,6.617677119302252,,,,,,,-1.9131383319975024,-14.648280352970913,b04a581003bc__routine-2026-04-08.xlsx,,,,,,,,,,,,,,
,,,,,Unknown,,,,,Cycle 6,,,,,6.601526599081586,6.62133117887883,,,,,,,-1.9279945830100071,-14.618216363661949,b04a581003bc__routine-2026-04-08.xlsx,,,,,,,,,,,,,,
,,,,,Unknown,,,,,Cycle 7,,,,,6.602427684931285,6.622234967986078,,,,,,,-1.9266267467558735,-14.636770645643413,b04a581003bc__routine-2026-04-08.xlsx,,,,,,,,,,,,,,
,,,,,Unknown,,,,,Cycle 8,,,,,,6.623243255250314,,,,,,,,,b04a581003bc__routine-2026-04-08.xlsx,,,,,,,,,,,,,,
24.0,DEMO scientist,2026-04-08 12:36:00,2026-04-08 12:47:00,Completed,DEMO-01-01-24,MASS=90.0 ug; REP=24; MOCK_METROLOGY,True,Unknown,NBS19,Pre,-1.2388261862548506,-12.664381361344862,0.012,0.024,5.395984780326486,5.4121727346674655,90.0,5.399516265794977,5.401801256179663,False,3.24,Qtegra instrumental linearity enabled; residual application correction is separate,-1.2337519426139345,-12.666858338257454,b04a581003bc__routine-2026-04-08.xlsx,2026-04-08 12:36:00,739714.0,3.24,5.401801256179663,,DEMO-01-01-24,MASS=90.0 ug; REP=24; MOCK_METROLOGY,DEMO-01-01-24,MASS=90.0 ug; REP=24; MOCK_METROLOGY,,,,,
,,,,,Unknown,,,,,Cycle 1,,,,,5.408488796186364,5.4247142625749225,,,,,,,-1.2298869732737894,-12.652275298511285,b04a581003bc__routine-2026-04-08.xlsx,,,,,,,,,,,,,,
,,,,,Unknown,,,,,Cycle 2,,,,,5.40475950142723,5.420973779931511,,,,,,,-1.2366692937863055,-12.646645153114012,b04a581003bc__routine-2026-04-08.xlsx,,,,,,,,,,,,,,
,,,,,Unknown,,,,,Cycle 3,,,,,5.397495636575913,5.41368812348564,,,,,,,-1.2442387431038389,-12.674581589389756,b04a581003bc__routine-2026-04-08.xlsx,,,,,,,,,,,,,,
,,,,,Unknown,,,,,Cycle 4,,,,,5.394609797054566,5.410793626445729,,,,,,,-1.238718597233435,-12.7134343603787,b04a581003bc__routine-2026-04-08.xlsx,,,,,,,,,,,,,,
,,,,,Unknown,,,,,Cycle 5,,,,,5.394689524445158,5.410873593018493,,,,,,,-1.2255373175622517,-12.670387973617446,b04a581003bc__routine-2026-04-08.xlsx,,,,,,,,,,,,,,
,,,,,Unknown,,,,,Cycle 6,,,,,5.408296702267831,5.424521592374634,,,,,,,-1.26504677375075,-12.65769002017288,b04a581003bc__routine-2026-04-08.xlsx,,,,,,,,,,,,,,
,,,,,Unknown,,,,,Cycle 7,,,,,5.391805388076271,5.407980804240499,,,,,,,-1.2367598487145,-12.633178157317367,b04a581003bc__routine-2026-04-08.xlsx,,,,,,,,,,,,,,
,,,,,Unknown,,,,,Cycle 8,,,,,,5.421114330858157,,,,,,,,,b04a581003bc__routine-2026-04-08.xlsx,,,,,,,,,,,,,,
25.0,DEMO scientist,2026-04-08 12:48:00,2026-04-08 12:59:00,Completed,DEMO-01-01-25,MASS=94.0 ug; REP=25; MOCK_METROLOGY,True,Unknown,NBS19,Pre,-0.5015719047163537,-10.650905217555882,0.012,0.024,5.6371135910070285,5.654024931780049,94.0,5.635472087824733,5.634578187805764,False,3.384,Qtegra instrumental linearity enabled; residual application correction is separate,-0.4877665238120398,-10.645291522550613,b04a581003bc__routine-2026-04-08.xlsx,2026-04-08 12:48:00,739714.0,3.384,5.634578187805764,,DEMO-01-01-25,MASS=94.0 ug; REP=25; MOCK_METROLOGY,DEMO-01-01-25,MASS=94.0 ug; REP=25; MOCK_METROLOGY,,,,,
,,,,,Unknown,,,,,Cycle 1,,,,,5.629659440994955,5.64654841931794,,,,,,,-0.4960316500316756,-10.675800853595224,b04a581003bc__routine-2026-04-08.xlsx,,,,,,,,,,,,,,
,,,,,Unknown,,,,,Cycle 2,,,,,5.630302790474615,5.647193698846039,,,,,,,-0.4991625607272676,-10.663948606867873,b04a581003bc__routine-2026-04-08.xlsx,,,,,,,,,,,,,,
,,,,,Unknown,,,,,Cycle 3,,,,,5.642681556890638,5.65960960156131,,,,,,,-0.5199175372131443,-10.618235445156776,b04a581003bc__routine-2026-04-08.xlsx,,,,,,,,,,,,,,
,,,,,Unknown,,,,,Cycle 4,,,,,5.635892606496548,5.652800284316037,,,,,,,-0.5153936640708577,-10.686795605444528,b04a581003bc__routine-2026-04-08.xlsx,,,,,,,,,,,,,,
,,,,,Unknown,,,,,Cycle 5,,,,,5.632907547398523,5.649806270040719,,,,,,,-0.5026341789058586,-10.622056831555872,b04a581003bc__routine-2026-04-08.xlsx,,,,,,,,,,,,,,
,,,,,Unknown,,,,,Cycle 6,,,,,5.625646987527794,5.642523928490377,,,,,,,-0.5054871827127808,-10.64707077842002,b04a581003bc__routine-2026-04-08.xlsx,,,,,,,,,,,,,,
,,,,,Unknown,,,,,Cycle 7,,,,,5.649572181807758,5.6665208983531805,,,,,,,-0.4861819402572053,-10.648042096856154,b04a581003bc__routine-2026-04-08.xlsx,,,,,,,,,,,,,,
,,,,,Unknown,,,,,Cycle 8,,,,,,5.658013976176032,,,,,,,,,b04a581003bc__routine-2026-04-08.xlsx,,,,,,,,,,,,,,
26.0,DEMO scientist,2026-04-08 13:00:00,2026-04-08 13:11:00,Completed,SHP2L,MASS=100.0 ug; REP=26; MOCK_METROLOGY,True,QC Standard,SHP2L,Pre,-0.6029765358461832,-5.827344226410305,0.012,0.024,5.966697862388319,5.984597955975484,100.0,5.980384905979644,5.981909292029686,False,3.6,Qtegra instrumental linearity enabled; residual application correction is separate,-0.6057631082589083,-5.823359760062624,b04a581003bc__routine-2026-04-08.xlsx,2026-04-08 13:00:00,739714.0,3.6,5.981909292029686,,SHP2L,MASS=100.0 ug; REP=26; MOCK_METROLOGY,SHP2L,MASS=100.0 ug; REP=26; MOCK_METROLOGY,,,,,
,,,,,Unknown,,,,,Cycle 1,,,,,5.978473237807498,5.99640865752092,,,,,,,-0.6149181051753156,-5.825495227406603,b04a581003bc__routine-2026-04-08.xlsx,,,,,,,,,,,,,,
,,,,,Unknown,,,,,Cycle 2,,,,,5.984161462150962,6.002113946537414,,,,,,,-0.5972510910762668,-5.851899707749932,b04a581003bc__routine-2026-04-08.xlsx,,,,,,,,,,,,,,
,,,,,Unknown,,,,,Cycle 3,,,,,5.9828720003236935,6.000820616324664,,,,,,,-0.6026826435000927,-5.808860001820157,b04a581003bc__routine-2026-04-08.xlsx,,,,,,,,,,,,,,
,,,,,Unknown,,,,,Cycle 4,,,,,5.984352982684447,6.0023060416325,,,,,,,-0.6002551591654756,-5.812687022124301,b04a581003bc__routine-2026-04-08.xlsx,,,,,,,,,,,,,,
,,,,,Unknown,,,,,Cycle 5,,,,,5.98166073732689,5.99960571953887,,,,,,,-0.5865031752925571,-5.796350787419229,b04a581003bc__routine-2026-04-08.xlsx,,,,,,,,,,,,,,
,,,,,Unknown,,,,,Cycle 6,,,,,5.980522085246853,5.998463651502592,,,,,,,-0.5925508717808162,-5.870804887486538,b04a581003bc__routine-2026-04-08.xlsx,,,,,,,,,,,,,,
,,,,,Unknown,,,,,Cycle 7,,,,,5.984338879908488,6.002291896548212,,,,,,,-0.6238881325200328,-5.829296417213054,b04a581003bc__routine-2026-04-08.xlsx,,,,,,,,,,,,,,
,,,,,Unknown,,,,,Cycle 8,,,,,,6.004306445603563,,,,,,,,,b04a581003bc__routine-2026-04-08.xlsx,,,,,,,,,,,,,,
