Index,Label,Sample Type,Comment,d 13C/12C  Mean,d 18O/16O  Mean,d 13C/12C  Std Dev,d 18O/16O  Std Dev,i44_v,reference_i44_v,mass_ug,Start Time,Status,Evaluate,Excel File,Date,Date_ordinal,Raw Identifier 1,Raw Label,Raw Comment,Identifier 1,Identifier 2,Species,leak_rate,p_no_acid,total_co2,p_gases,1  Cycle Int  Samp  44,Line
1,SHP2L,QC Standard,1,-0.09,-0.09,0.01,0.02,6,6.1,100,2026-10-06T13:02:02.079164,Completed,True,e5dcd702787c__ui-identities.xlsx,2026-10-06 13:02:02.079164,739895,,SHP2L,1,SHP2L,1,,,,,,,
2,Core A - Cibicidoides,Unknown,2,-0.08,-0.08,0.01,0.02,6,6.1,100,2026-10-06T13:02:02.079164,Completed,True,e5dcd702787c__ui-identities.xlsx,2026-10-06 13:02:02.079164,739895,,Core A - Cibicidoides,2,Core A,2,Cibicidoides,,,,,,
3,Core A - Cibicidoides,Unknown,3,-0.07,-0.07,0.01,0.02,6,6.1,100,2026-10-06T13:02:02.079164,Completed,True,e5dcd702787c__ui-identities.xlsx,2026-10-06 13:02:02.079164,739895,,Core A - Cibicidoides,3,Core A,3,Cibicidoides,,,,,,
4,Core A - Cibicidoides,Unknown,4,-0.06,-0.06,0.01,0.02,6,6.1,100,2026-10-06T13:02:02.079164,Completed,True,e5dcd702787c__ui-identities.xlsx,2026-10-06 13:02:02.079164,739895,,Core A - Cibicidoides,4,Core A,4,Cibicidoides,,,,,,
5,SHP2L,QC Standard,5,-0.1,-0.1,0.01,0.02,6,6.1,100,2026-10-06T13:02:02.079164,Completed,True,e5dcd702787c__ui-identities.xlsx,2026-10-06 13:02:02.079164,739895,,SHP2L,5,SHP2L,5,,,,,,,
6,Core A - Cibicidoides,Unknown,6,-0.09,-0.09,0.01,0.02,6,6.1,100,2026-10-06T13:02:02.079164,Completed,True,e5dcd702787c__ui-identities.xlsx,2026-10-06 13:02:02.079164,739895,,Core A - Cibicidoides,6,Core A,6,Cibicidoides,,,,,,
7,Core A - Cibicidoides,Unknown,7,-0.08,-0.08,0.01,0.02,6,6.1,100,2026-10-06T13:02:02.079164,Completed,True,e5dcd702787c__ui-identities.xlsx,2026-10-06 13:02:02.079164,739895,,Core A - Cibicidoides,7,Core A,7,Cibicidoides,,,,,,
8,Core A - Cibicidoides,Unknown,8,-0.07,-0.07,0.01,0.02,6,6.1,100,2026-10-06T13:02:02.079164,Completed,True,e5dcd702787c__ui-identities.xlsx,2026-10-06 13:02:02.079164,739895,,Core A - Cibicidoides,8,Core A,8,Cibicidoides,,,,,,
9,SHP2L,QC Standard,9,-0.06,-0.06,0.01,0.02,6,6.1,100,2026-10-06T13:02:02.079164,Completed,True,e5dcd702787c__ui-identities.xlsx,2026-10-06 13:02:02.079164,739895,,SHP2L,9,SHP2L,9,,,,,,,
10,Core A - Cibicidoides,Unknown,10,-0.1,-0.1,0.01,0.02,6,6.1,100,2026-10-06T13:02:02.079164,Completed,True,e5dcd702787c__ui-identities.xlsx,2026-10-06 13:02:02.079164,739895,,Core A - Cibicidoides,10,Core A,10,Cibicidoides,,,,,,
11,Core A - Cibicidoides,Unknown,11,-0.09,-0.09,0.01,0.02,6,6.1,100,2026-10-06T13:02:02.079164,Completed,True,e5dcd702787c__ui-identities.xlsx,2026-10-06 13:02:02.079164,739895,,Core A - Cibicidoides,11,Core A,11,Cibicidoides,,,,,,
12,Core A - Cibicidoides,Unknown,12,-0.08,-0.08,0.01,0.02,6,6.1,100,2026-10-06T13:02:02.079164,Completed,True,e5dcd702787c__ui-identities.xlsx,2026-10-06 13:02:02.079164,739895,,Core A - Cibicidoides,12,Core A,12,Cibicidoides,,,,,,
13,SHP2L,QC Standard,13,-0.07,-0.07,0.01,0.02,6,6.1,100,2026-10-06T13:02:02.079164,Completed,True,e5dcd702787c__ui-identities.xlsx,2026-10-06 13:02:02.079164,739895,,SHP2L,13,SHP2L,13,,,,,,,
14,Core A - Cibicidoides,Unknown,14,-0.06,-0.06,0.01,0.02,6,6.1,100,2026-10-06T13:02:02.079164,Completed,True,e5dcd702787c__ui-identities.xlsx,2026-10-06 13:02:02.079164,739895,,Core A - Cibicidoides,14,Core A,14,Cibicidoides,,,,,,
15,Core A - Cibicidoides,Unknown,15,-0.1,-0.1,0.01,0.02,6,6.1,100,2026-10-06T13:02:02.079164,Completed,True,e5dcd702787c__ui-identities.xlsx,2026-10-06 13:02:02.079164,739895,,Core A - Cibicidoides,15,Core A,15,Cibicidoides,,,,,,
16,Core A - Cibicidoides,Unknown,16,-0.09,-0.09,0.01,0.02,6,6.1,100,2026-10-06T13:02:02.079164,Completed,True,e5dcd702787c__ui-identities.xlsx,2026-10-06 13:02:02.079164,739895,,Core A - Cibicidoides,16,Core A,16,Cibicidoides,,,,,,
17,SHP2L,QC Standard,17,-0.08,-0.08,0.01,0.02,6,6.1,100,2026-10-06T13:02:02.079164,Completed,True,e5dcd702787c__ui-identities.xlsx,2026-10-06 13:02:02.079164,739895,,SHP2L,17,SHP2L,17,,,,,,,
18,Core A - Cibicidoides,Unknown,18,-0.07,-0.07,0.01,0.02,6,6.1,100,2026-10-06T13:02:02.079164,Completed,True,e5dcd702787c__ui-identities.xlsx,2026-10-06 13:02:02.079164,739895,,Core A - Cibicidoides,18,Core A,18,Cibicidoides,,,,,,
19,Core A - Cibicidoides,Unknown,19,-0.06,-0.06,0.01,0.02,6,6.1,100,2026-10-06T13:02:02.079164,Completed,True,e5dcd702787c__ui-identities.xlsx,2026-10-06 13:02:02.079164,739895,,Core A - Cibicidoides,19,Core A,19,Cibicidoides,,,,,,
20,Core A - Cibicidoides,Unknown,20,-0.1,-0.1,0.01,0.02,6,6.1,100,2026-10-06T13:02:02.079164,Completed,True,e5dcd702787c__ui-identities.xlsx,2026-10-06 13:02:02.079164,739895,,Core A - Cibicidoides,20,Core A,20,Cibicidoides,,,,,,
21,SHP2L,QC Standard,21,-0.09,-0.09,0.01,0.02,6,6.1,100,2026-10-06T13:02:02.079164,Completed,True,e5dcd702787c__ui-identities.xlsx,2026-10-06 13:02:02.079164,739895,,SHP2L,21,SHP2L,21,,,,,,,
22,Core A - Cibicidoides,Unknown,22,-0.08,-0.08,0.01,0.02,6,6.1,100,2026-10-06T13:02:02.079164,Completed,True,e5dcd702787c__ui-identities.xlsx,2026-10-06 13:02:02.079164,739895,,Core A - Cibicidoides,22,Core A,22,Cibicidoides,,,,,,
23,Core A - Cibicidoides,Unknown,23,-0.07,-0.07,0.01,0.02,6,6.1,100,2026-10-06T13:02:02.079164,Completed,True,e5dcd702787c__ui-identities.xlsx,2026-10-06 13:02:02.079164,739895,,Core A - Cibicidoides,23,Core A,23,Cibicidoides,,,,,,
24,Core A - Cibicidoides,Unknown,24,-0.06,-0.06,0.01,0.02,6,6.1,100,2026-10-06T13:02:02.079164,Completed,True,e5dcd702787c__ui-identities.xlsx,2026-10-06 13:02:02.079164,739895,,Core A - Cibicidoides,24,Core A,24,Cibicidoides,,,,,,
