Index,Label,Sample Type,Comment,d 13C/12C  Mean,d 18O/16O  Mean,d 13C/12C  Std Dev,d 18O/16O  Std Dev,i44_v,reference_i44_v,mass_ug,Start Time,Status,Evaluate,Excel File,Date,Date_ordinal,Raw Identifier 1,Raw Label,Raw Comment,Identifier 1,Identifier 2,Species,leak_rate,p_no_acid,total_co2,p_gases,1  Cycle Int  Samp  44,Line,1  Cycle Int  Ref  44,1  Cycle Int  Samp  45,1  Cycle Int  Ref  45,1  Cycle Int  Samp  46,1  Cycle Int  Ref  46,1  Cycle Int  Diff Samp-Ref  44,1  Cycle Int  Diff Samp-Ref  45,1  Cycle Int  Diff Samp-Ref  46,1  Cycle Int  Pressure-Weighted Mismatch Samp-Ref  44,1  Cycle Int  Relative Mismatch Samp-Ref/Ref  44,1  Cycle Int  Symmetric Relative Mismatch Samp-Ref  44,1  Cycle Int  Mean Samp-Ref  44,Metrology consultation,IRMS cycle summary: d 13C/12C  Mean,IRMS cycle summary: d 18O/16O  Mean,IRMS cycle summary: d 13C/12C  Std Dev,IRMS cycle summary: d 18O/16O  Std Dev,IRMS cycle summary: 1  Cycle Int  Samp  44,IRMS cycle summary: 1  Cycle Int  Ref  44,IRMS cycle summary: 1  Cycle Int  Diff Samp-Ref  44
1,SHP2L,QC Standard,1,-0.09000000000000001,-0.09000000000000001,0.01,0.02,6,6.1,100,2026-10-06T13:02:02.079164,Completed,True,e5dcd702787c__ui-identities.xlsx,2026-10-06 13:02:02.079164,739895,,SHP2L,1,SHP2L,001,,,,,,6.0,,6.1,,,,,-0.09999999999999964,,,,,,,True,-0.09,-0.09,0.01,0.02,6.0,,
2,Core A - Cibicidoides,Unknown,2,-0.08,-0.08,0.01,0.02,6,6.1,100,2026-10-06T13:02:02.079164,Completed,True,e5dcd702787c__ui-identities.xlsx,2026-10-06 13:02:02.079164,739895,,Core A - Cibicidoides,2,Core A,002,Cibicidoides,,,,,6.0,,6.1,,,,,-0.09999999999999964,,,,,,,True,-0.08,-0.08,0.01,0.02,6.0,,
3,Core A - Cibicidoides,Unknown,3,-0.07,-0.07,0.01,0.02,6,6.1,100,2026-10-06T13:02:02.079164,Completed,True,e5dcd702787c__ui-identities.xlsx,2026-10-06 13:02:02.079164,739895,,Core A - Cibicidoides,3,Core A,003,Cibicidoides,,,,,6.0,,6.1,,,,,-0.09999999999999964,,,,,,,True,-0.07,-0.07,0.01,0.02,6.0,,
4,Core A - Cibicidoides,Unknown,4,-0.06,-0.06,0.01,0.02,6,6.1,100,2026-10-06T13:02:02.079164,Completed,True,e5dcd702787c__ui-identities.xlsx,2026-10-06 13:02:02.079164,739895,,Core A - Cibicidoides,4,Core A,004,Cibicidoides,,,,,6.0,,6.1,,,,,-0.09999999999999964,,,,,,,True,-0.06,-0.06,0.01,0.02,6.0,,
5,SHP2L,QC Standard,5,-0.1,-0.1,0.01,0.02,6,6.1,100,2026-10-06T13:02:02.079164,Completed,True,e5dcd702787c__ui-identities.xlsx,2026-10-06 13:02:02.079164,739895,,SHP2L,5,SHP2L,005,,,,,,6.0,,6.1,,,,,-0.09999999999999964,,,,,,,True,-0.1,-0.1,0.01,0.02,6.0,,
6,Core A - Cibicidoides,Unknown,6,-0.09000000000000001,-0.09000000000000001,0.01,0.02,6,6.1,100,2026-10-06T13:02:02.079164,Completed,True,e5dcd702787c__ui-identities.xlsx,2026-10-06 13:02:02.079164,739895,,Core A - Cibicidoides,6,Core A,006,Cibicidoides,,,,,6.0,,6.1,,,,,-0.09999999999999964,,,,,,,True,-0.09,-0.09,0.01,0.02,6.0,,
7,Core A - Cibicidoides,Unknown,7,-0.08,-0.08,0.01,0.02,6,6.1,100,2026-10-06T13:02:02.079164,Completed,True,e5dcd702787c__ui-identities.xlsx,2026-10-06 13:02:02.079164,739895,,Core A - Cibicidoides,7,Core A,007,Cibicidoides,,,,,6.0,,6.1,,,,,-0.09999999999999964,,,,,,,True,-0.08,-0.08,0.01,0.02,6.0,,
8,Core A - Cibicidoides,Unknown,8,-0.07,-0.07,0.01,0.02,6,6.1,100,2026-10-06T13:02:02.079164,Completed,True,e5dcd702787c__ui-identities.xlsx,2026-10-06 13:02:02.079164,739895,,Core A - Cibicidoides,8,Core A,008,Cibicidoides,,,,,6.0,,6.1,,,,,-0.09999999999999964,,,,,,,True,-0.07,-0.07,0.01,0.02,6.0,,
9,SHP2L,QC Standard,9,-0.06,-0.06,0.01,0.02,6,6.1,100,2026-10-06T13:02:02.079164,Completed,True,e5dcd702787c__ui-identities.xlsx,2026-10-06 13:02:02.079164,739895,,SHP2L,9,SHP2L,009,,,,,,6.0,,6.1,,,,,-0.09999999999999964,,,,,,,True,-0.06,-0.06,0.01,0.02,6.0,,
10,Core A - Cibicidoides,Unknown,10,-0.1,-0.1,0.01,0.02,6,6.1,100,2026-10-06T13:02:02.079164,Completed,True,e5dcd702787c__ui-identities.xlsx,2026-10-06 13:02:02.079164,739895,,Core A - Cibicidoides,10,Core A,010,Cibicidoides,,,,,6.0,,6.1,,,,,-0.09999999999999964,,,,,,,True,-0.1,-0.1,0.01,0.02,6.0,,
11,Core A - Cibicidoides,Unknown,11,-0.09000000000000001,-0.09000000000000001,0.01,0.02,6,6.1,100,2026-10-06T13:02:02.079164,Completed,True,e5dcd702787c__ui-identities.xlsx,2026-10-06 13:02:02.079164,739895,,Core A - Cibicidoides,11,Core A,011,Cibicidoides,,,,,6.0,,6.1,,,,,-0.09999999999999964,,,,,,,True,-0.09,-0.09,0.01,0.02,6.0,,
12,Core A - Cibicidoides,Unknown,12,-0.08,-0.08,0.01,0.02,6,6.1,100,2026-10-06T13:02:02.079164,Completed,True,e5dcd702787c__ui-identities.xlsx,2026-10-06 13:02:02.079164,739895,,Core A - Cibicidoides,12,Core A,012,Cibicidoides,,,,,6.0,,6.1,,,,,-0.09999999999999964,,,,,,,True,-0.08,-0.08,0.01,0.02,6.0,,
13,SHP2L,QC Standard,13,-0.07,-0.07,0.01,0.02,6,6.1,100,2026-10-06T13:02:02.079164,Completed,True,e5dcd702787c__ui-identities.xlsx,2026-10-06 13:02:02.079164,739895,,SHP2L,13,SHP2L,013,,,,,,6.0,,6.1,,,,,-0.09999999999999964,,,,,,,True,-0.07,-0.07,0.01,0.02,6.0,,
14,Core A - Cibicidoides,Unknown,14,-0.06,-0.06,0.01,0.02,6,6.1,100,2026-10-06T13:02:02.079164,Completed,True,e5dcd702787c__ui-identities.xlsx,2026-10-06 13:02:02.079164,739895,,Core A - Cibicidoides,14,Core A,014,Cibicidoides,,,,,6.0,,6.1,,,,,-0.09999999999999964,,,,,,,True,-0.06,-0.06,0.01,0.02,6.0,,
15,Core A - Cibicidoides,Unknown,15,-0.1,-0.1,0.01,0.02,6,6.1,100,2026-10-06T13:02:02.079164,Completed,True,e5dcd702787c__ui-identities.xlsx,2026-10-06 13:02:02.079164,739895,,Core A - Cibicidoides,15,Core A,015,Cibicidoides,,,,,6.0,,6.1,,,,,-0.09999999999999964,,,,,,,True,-0.1,-0.1,0.01,0.02,6.0,,
16,Core A - Cibicidoides,Unknown,16,-0.09000000000000001,-0.09000000000000001,0.01,0.02,6,6.1,100,2026-10-06T13:02:02.079164,Completed,True,e5dcd702787c__ui-identities.xlsx,2026-10-06 13:02:02.079164,739895,,Core A - Cibicidoides,16,Core A,016,Cibicidoides,,,,,6.0,,6.1,,,,,-0.09999999999999964,,,,,,,True,-0.09,-0.09,0.01,0.02,6.0,,
17,SHP2L,QC Standard,17,-0.08,-0.08,0.01,0.02,6,6.1,100,2026-10-06T13:02:02.079164,Completed,True,e5dcd702787c__ui-identities.xlsx,2026-10-06 13:02:02.079164,739895,,SHP2L,17,SHP2L,017,,,,,,6.0,,6.1,,,,,-0.09999999999999964,,,,,,,True,-0.08,-0.08,0.01,0.02,6.0,,
18,Core A - Cibicidoides,Unknown,18,-0.07,-0.07,0.01,0.02,6,6.1,100,2026-10-06T13:02:02.079164,Completed,True,e5dcd702787c__ui-identities.xlsx,2026-10-06 13:02:02.079164,739895,,Core A - Cibicidoides,18,Core A,018,Cibicidoides,,,,,6.0,,6.1,,,,,-0.09999999999999964,,,,,,,True,-0.07,-0.07,0.01,0.02,6.0,,
19,Core A - Cibicidoides,Unknown,19,-0.06,-0.06,0.01,0.02,6,6.1,100,2026-10-06T13:02:02.079164,Completed,True,e5dcd702787c__ui-identities.xlsx,2026-10-06 13:02:02.079164,739895,,Core A - Cibicidoides,19,Core A,019,Cibicidoides,,,,,6.0,,6.1,,,,,-0.09999999999999964,,,,,,,True,-0.06,-0.06,0.01,0.02,6.0,,
20,Core A - Cibicidoides,Unknown,20,-0.1,-0.1,0.01,0.02,6,6.1,100,2026-10-06T13:02:02.079164,Completed,True,e5dcd702787c__ui-identities.xlsx,2026-10-06 13:02:02.079164,739895,,Core A - Cibicidoides,20,Core A,020,Cibicidoides,,,,,6.0,,6.1,,,,,-0.09999999999999964,,,,,,,True,-0.1,-0.1,0.01,0.02,6.0,,
21,SHP2L,QC Standard,21,-0.09000000000000001,-0.09000000000000001,0.01,0.02,6,6.1,100,2026-10-06T13:02:02.079164,Completed,True,e5dcd702787c__ui-identities.xlsx,2026-10-06 13:02:02.079164,739895,,SHP2L,21,SHP2L,021,,,,,,6.0,,6.1,,,,,-0.09999999999999964,,,,,,,True,-0.09,-0.09,0.01,0.02,6.0,,
22,Core A - Cibicidoides,Unknown,22,-0.08,-0.08,0.01,0.02,6,6.1,100,2026-10-06T13:02:02.079164,Completed,True,e5dcd702787c__ui-identities.xlsx,2026-10-06 13:02:02.079164,739895,,Core A - Cibicidoides,22,Core A,022,Cibicidoides,,,,,6.0,,6.1,,,,,-0.09999999999999964,,,,,,,True,-0.08,-0.08,0.01,0.02,6.0,,
23,Core A - Cibicidoides,Unknown,23,-0.07,-0.07,0.01,0.02,6,6.1,100,2026-10-06T13:02:02.079164,Completed,True,e5dcd702787c__ui-identities.xlsx,2026-10-06 13:02:02.079164,739895,,Core A - Cibicidoides,23,Core A,023,Cibicidoides,,,,,6.0,,6.1,,,,,-0.09999999999999964,,,,,,,True,-0.07,-0.07,0.01,0.02,6.0,,
24,Core A - Cibicidoides,Unknown,24,-0.06,-0.06,0.01,0.02,6,6.1,100,2026-10-06T13:02:02.079164,Completed,True,e5dcd702787c__ui-identities.xlsx,2026-10-06 13:02:02.079164,739895,,Core A - Cibicidoides,24,Core A,024,Cibicidoides,,,,,6.0,,6.1,,,,,-0.09999999999999964,,,,,,,True,-0.06,-0.06,0.01,0.02,6.0,,
